EASINID,Country
R19422,AT
R19422,BE
R19422,DE
R19422,EE
R19422,ES
R19422,FI
R19422,FR
R19422,IL
R19422,IT
R19422,MA
R19422,NO
R19422,PT
R19422,SE
R19422,TN
R11525,BY
R11525,CZ
R11525,DE
R11525,ES
R11525,FR
R11525,HU
R11525,IT
R11525,RO
R11525,RU
R19423,AZ
R19424,CZ
R19425,IT
R19426,IT
R19427,LT
R19428,IT
R11526,AL
R11526,AT
R11526,BA
R11526,BE
R11526,BG
R11526,BY
R11526,CH
R11526,CZ
R11526,DE
R11526,ES
R11526,FI
R11526,FR
R11526,HR
R11526,HU
R11526,IT
R11526,LT
R11526,MD
R11526,NL
R11526,NO
R11526,PL
R11526,RO
R11526,RS
R11526,RU
R11526,SI
R11526,SK
R11526,SY
R11526,TN
R11526,TR
R11526,UA
R19429,DE
R19429,ES
R19430,IT
R11527,AL
R11527,AT
R11527,AZ
R11527,BA
R11527,BE
R11527,BG
R11527,BY
R11527,CH
R11527,CZ
R11527,DE
R11527,EG
R11527,ES
R11527,FR
R11527,HR
R11527,HU
R11527,IT
R11527,PL
R11527,RO
R11527,RS
R11527,SI
R11527,SK
R11527,TN
R11527,TR
R11528,AL
R11528,AT
R11528,AZ
R11528,BA
R11528,BE
R11528,BG
R11528,BY
R11528,CH
R11528,CZ
R11528,DE
R11528,ES
R11528,FR
R11528,HR
R11528,HU
R11528,IT
R11528,LB
R11528,LY
R11528,MD
R11528,NL
R11528,NO
R11528,PL
R11528,PT
R11528,RS
R11528,SI
R11528,SK
R11528,TN
R11528,TR
R19431,DE
R19432,BE
R19432,BG
R19432,CH
R19432,DE
R19432,DK
R19432,IT
R19432,NL
R19432,NO
R19432,PT
R19432,RU
R19432,SK
R14622,AL
R14622,AM
R14622,AT
R14622,AZ
R14622,BA
R14622,BG
R14622,CH
R14622,CZ
R14622,DE
R14622,ES
R14622,FR
R14622,GE
R14622,HR
R14622,HU
R14622,IL
R14622,IT
R14622,LB
R14622,ME
R14622,MK
R14622,PL
R14622,RS
R14622,RU
R14622,SI
R14622,SK
R14622,TR
R14622,UA
R19433,IT
R11529,BG
R11529,IT
R11529,PL
R11529,RU
R19434,BE
R19434,CZ
R19434,DE
R19434,FR
R19434,HR
R19434,IT
R19434,PL
R19434,RS
R19434,SI
R19435,IT
R00001,AT
R00001,BE
R00001,CH
R00001,CZ
R00001,DE
R00001,FR
R00001,LU
R00001,NL
R00001,RS
R00001,UA
R00001,UK
R00003,DE
R00003,IT
R00003,PT
R00003,TR
R00004,DK
R00004,FR
R00004,IE
R00004,PL
R19170,ES
R19170,FR
R00005,AT
R00005,BA
R00005,BE
R00005,BG
R00005,BY
R00005,CH
R00005,CZ
R00005,DE
R00005,DK
R00005,EE
R00005,EL
R00005,ES
R00005,FI
R00005,FR
R00005,HR
R00005,HU
R00005,IE
R00005,IM
R00005,IT
R00005,LT
R00005,LU
R00005,LV
R00005,MD
R00005,ME
R00005,MK
R00005,NL
R00005,NO
R00005,PL
R00005,PT
R00005,RO
R00005,RS
R00005,RU
R00005,SE
R00005,SI
R00005,SK
R00005,TR
R00005,UA
R00005,UK
R00006,DE
R00006,DK
R00006,EE
R00006,FI
R00006,FR
R00006,IE
R00006,LT
R00006,NO
R00006,RU
R00006,SE
R00006,UK
R18689,EE
R00007,AL
R00007,AT
R00007,BE
R00007,DE
R00007,DK
R00007,EL
R00007,FR
R00007,IT
R00007,LU
R00007,NL
R00007,NO
R00007,SE
R00007,UK
R00008,CZ
R00008,DE
R00008,DK
R00008,EE
R00008,FI
R00008,FR
R00008,HU
R00008,LU
R00008,LV
R00008,NL
R00008,NO
R00008,PL
R00008,SE
R00008,SK
R00008,TR
R00008,UK
R00010,DE
R00010,EE
R00010,UK
R00011,BE
R00011,CH
R00011,CZ
R00011,DE
R00011,DK
R00011,FR
R00011,IE
R00011,IM
R00011,IT
R00011,LU
R00011,NL
R00011,NO
R00011,SE
R00011,SK
R00011,UK
R00012,DE
R00012,DK
R00012,FI
R00012,IS
R00012,NO
R00012,SE
R00012,UK
R00013,AT
R00013,BE
R00013,CH
R00013,CZ
R00013,DE
R00013,DK
R00013,DZ
R00013,FR
R00013,GE
R00013,IE
R00013,IT
R00013,LU
R00013,LV
R00013,NL
R00013,NO
R00013,PL
R00013,PT
R00013,RO
R00013,RU
R00013,SE
R00013,SK
R00013,TR
R00013,UK
R00014,AM
R00014,AT
R00014,CZ
R00014,DE
R00014,ES
R00014,FR
R00014,GE
R00014,HU
R00014,LU
R00014,MA
R00014,NL
R00014,PT
R00014,SE
R00014,SK
R00014,UK
R00015,DE
R00015,DK
R00015,IE
R00015,LU
R00015,NL
R00015,NO
R00015,SE
R00015,TR
R00015,UK
R00016,AM
R00016,DE
R00016,DK
R00016,EE
R00016,FI
R00016,IS
R00016,LV
R00016,NO
R00016,RU
R00016,SE
R00017,DE
R00017,DK
R00017,FI
R00017,NL
R00017,NO
R00017,SE
R00017,UK
R00019,PT
R00021,AL
R00021,AT
R00021,BG
R00021,CH
R00021,CY
R00021,DE
R00021,EE
R00021,EL
R00021,ES
R00021,FR
R00021,HR
R00021,HU
R00021,IT
R00021,LU
R00021,NL
R00021,RO
R00021,RS
R00021,UA
R00021,UK
R20136,FR
R20136,SY
R16884,IT
R16885,FR
R00022,FR
R00024,AT
R00024,BE
R00024,BG
R00024,BY
R00024,CH
R00024,CZ
R00024,DE
R00024,DK
R00024,DZ
R00024,EE
R00024,EL
R00024,ES
R00024,FI
R00024,FR
R00024,HR
R00024,HU
R00024,IE
R00024,IT
R00024,LT
R00024,LU
R00024,LV
R00024,NL
R00024,NO
R00024,PL
R00024,RO
R00024,RS
R00024,RU
R00024,SE
R00024,SI
R00024,SK
R00024,UA
R00024,UK
R00026,BE
R19331,ES
R19331,MT
R19652,EG
R19652,EL
R19652,FR
R19652,IL
R19332,EG
R19332,ES
R19332,FR
R19332,IL
R19332,IT
R19332,LB
R19332,MT
R00029,ES
R00029,FR
R00030,ES
R00030,FR
R00030,MA
R00030,MT
R00030,PT
R00032,DZ
R00032,GE
R00032,PT
R00032,UK
R00031,BE
R00031,PT
R00033,AL
R00033,AT
R00033,AZ
R00033,BA
R00033,BE
R00033,BG
R00033,CH
R00033,CY
R00033,CZ
R00033,DE
R00033,DK
R00033,EE
R00033,EG
R00033,EL
R00033,ES
R00033,FI
R00033,FR
R00033,GE
R00033,HR
R00033,HU
R00033,IL
R00033,IT
R00033,LB
R00033,LT
R00033,LU
R00033,LY
R00033,MA
R00033,MC
R00033,MD
R00033,MK
R00033,MT
R00033,NL
R00033,NO
R00033,PL
R00033,PS
R00033,PT
R00033,RO
R00033,RS
R00033,RU
R00033,SE
R00033,SI
R00033,SK
R00033,TR
R00033,UA
R00033,UK
R00034,ES
R00034,PT
R00034,SE
R16518,EG
R16518,FR
R00035,DZ
R00035,EL
R00035,ES
R00035,FR
R00035,LY
R00035,MA
R00035,PT
R00037,FR
R00037,PT
R00038,DZ
R00038,EG
R00038,ES
R00038,IL
R00038,IT
R00038,LY
R00038,MA
R00038,MT
R00038,PT
R00038,TN
R00039,AL
R00039,AZ
R00039,BE
R00039,CH
R00039,DE
R00039,DZ
R00039,EL
R00039,ES
R00039,FR
R00039,GE
R00039,GG
R00039,HR
R00039,IE
R00039,IT
R00039,JE
R00039,MA
R00039,ME
R00039,PT
R00039,RO
R00039,RU
R00039,SI
R00039,TR
R00039,UK
R00042,CY
R00042,DZ
R00042,EL
R00042,ES
R00042,FR
R00042,IL
R00042,IT
R00042,LY
R00042,MA
R00042,MT
R00042,PT
R00042,TR
R00043,CY
R00043,LY
R00044,EL
R00044,ES
R00044,FR
R00044,IL
R00044,IT
R00044,MA
R00044,PT
R00044,TR
R00045,PT
R00046,BE
R00046,DZ
R00046,ES
R00046,FR
R00046,IT
R00046,MA
R00046,PT
R00046,TR
R00047,DZ
R00047,ES
R00047,FR
R00047,GE
R00047,IT
R00047,LY
R00047,MA
R00047,PT
R00047,UK
R00048,LY
R00048,PT
R00050,CY
R00050,DZ
R00050,ES
R00050,FR
R00050,IT
R00050,LY
R00050,MA
R00050,PT
R00050,TR
R00051,CY
R00051,DZ
R00051,EL
R00051,ES
R00051,FR
R00051,HR
R00051,IL
R00051,IT
R00051,MA
R00051,MT
R00051,PT
R00051,TR
R00051,UK
R00052,CY
R00052,ES
R00052,IL
R00052,IT
R00052,PS
R00052,PT
R00053,AL
R00053,BA
R00053,CY
R00053,DK
R00053,DZ
R00053,EG
R00053,EL
R00053,ES
R00053,FR
R00053,GI
R00053,HR
R00053,IL
R00053,IT
R00053,LB
R00053,LY
R00053,MA
R00053,MT
R00053,PS
R00053,PT
R00053,SY
R00053,TN
R00053,TR
R00054,PT
R00055,PT
R00056,IE
R00056,IM
R00056,UK
R00057,AT
R00057,UK
R00058,AT
R00058,NL
R00058,NO
R00058,SE
R00058,UK
R00059,DE
R00059,DK
R00059,IE
R00059,IM
R00059,NL
R00059,NO
R00059,UK
R00061,IE
R00061,NO
R00061,UK
R00064,AM
R00064,AT
R00064,AZ
R00064,BY
R00064,CH
R00064,FR
R00064,GE
R00064,IT
R00064,NL
R00064,RU
R00064,TR
R00064,UA
R00065,BE
R00065,DZ
R00065,FR
R00065,GE
R00066,AT
R00066,BG
R00066,CH
R00066,FR
R00066,HR
R00066,IT
R00066,NL
R00066,PT
R00066,SI
R18764,DZ
R18764,EG
R18764,ES
R18764,FR
R18764,MA
R18764,NL
R18764,PT
R00067,ES
R00067,FR
R00067,HR
R00067,IT
R00068,AT
R00068,BE
R00068,BG
R00068,DE
R00068,FR
R00068,HU
R00068,IT
R00068,NL
R00068,RO
R00068,RS
R17484,ES
R16519,EG
R16519,FR
R16519,IL
R00070,IE
R00072,AD
R00072,AT
R00072,BG
R00072,BY
R00072,CH
R00072,CZ
R00072,DE
R00072,DK
R00072,EE
R00072,ES
R00072,FI
R00072,FR
R00072,HU
R00072,IT
R00072,LT
R00072,LU
R00072,LV
R00072,NL
R00072,NO
R00072,PL
R00072,RO
R00072,RU
R00072,SE
R00072,SI
R00072,SK
R00072,TR
R00072,UA
R00072,UK
R00074,AT
R00074,BG
R00074,BY
R00074,CH
R00074,CZ
R00074,DE
R00074,DK
R00074,EE
R00074,FI
R00074,FR
R00074,GE
R00074,HU
R00074,IT
R00074,LU
R00074,NL
R00074,NO
R00074,PL
R00074,PT
R00074,RU
R00074,SE
R00074,UA
R00075,AT
R00075,CH
R00075,DE
R00075,DK
R00075,FR
R00075,PL
R00076,CY
R00076,FR
R00076,RU
R17971,IT
R17970,IT
R19555,PT
R00079,BE
R00079,BG
R00079,BY
R00079,CZ
R00079,DE
R00079,FI
R00079,IS
R00079,LT
R00079,NL
R00079,NO
R00079,PL
R00079,RU
R00079,SE
R00079,UK
R00080,NL
R00080,RU
R18239,EG
R18239,FR
R18239,IL
R18239,TN
R00082,CY
R00082,EG
R00082,EL
R00082,FR
R00082,IT
R00082,LB
R00082,LY
R00082,MT
R00082,TN
R00082,TR
R00083,FR
R16520,FR
R16520,LY
R16520,TN
R00085,AD
R00085,AL
R00085,AM
R00085,AT
R00085,BA
R00085,BE
R00085,BG
R00085,BY
R00085,CH
R00085,CY
R00085,CZ
R00085,DE
R00085,DK
R00085,EE
R00085,EG
R00085,EL
R00085,ES
R00085,FI
R00085,FR
R00085,GE
R00085,HR
R00085,HU
R00085,IL
R00085,IT
R00085,LT
R00085,LU
R00085,LV
R00085,MA
R00085,MD
R00085,MK
R00085,NL
R00085,NO
R00085,PL
R00085,PT
R00085,RO
R00085,RS
R00085,RU
R00085,SE
R00085,SI
R00085,SK
R00085,TR
R00085,UK
R00086,AT
R00086,BG
R00086,CZ
R00086,DE
R00086,FR
R00086,IT
R00086,MC
R00086,MD
R00086,RO
R00086,RU
R00088,BE
R00088,FR
R00089,FR
R00090,UK
R00091,IE
R00091,UK
R19333,ES
R19333,FR
R19333,IT
R19333,MT
R19333,TN
R19118,CY
R19118,ES
R19118,FR
R19118,IL
R19118,MT
R19653,EG
R19653,EL
R19653,IL
R00095,AL
R00095,AT
R00095,BE
R00095,BG
R00095,CH
R00095,CY
R00095,DE
R00095,DK
R00095,DZ
R00095,EL
R00095,ES
R00095,FR
R00095,GE
R00095,GG
R00095,GI
R00095,HR
R00095,HU
R00095,IE
R00095,IL
R00095,IM
R00095,IT
R00095,JE
R00095,LI
R00095,MA
R00095,MC
R00095,ME
R00095,MK
R00095,MT
R00095,NL
R00095,PT
R00095,RS
R00095,RU
R00095,SE
R00095,SI
R00095,TN
R00095,TR
R00095,UA
R00095,UK
R00096,AL
R00096,BE
R00096,CH
R00096,CY
R00096,DE
R00096,EL
R00096,HR
R00096,IT
R00096,ME
R00096,MK
R00096,TR
R00096,UK
R00097,IT
R00099,EG
R00099,EL
R00099,FR
R00099,IL
R00099,NO
R16886,RS
R16521,EG
R16521,LB
R00102,FR
R16354,EG
R16354,IL
R00104,BE
R00104,BG
R00104,DE
R00104,DK
R00104,EE
R00104,EL
R00104,ES
R00104,FI
R00104,FR
R00104,IT
R00104,LT
R00104,LV
R00104,NL
R00104,NO
R00104,PL
R00104,PT
R00104,RO
R00104,RU
R00104,SE
R00104,TR
R00104,UA
R00104,UK
R00105,ES
R18906,CH
R18906,DE
R18906,ES
R18906,FR
R18906,GE
R18906,IT
R18906,LY
R19728,AD
R19728,AL
R19728,AM
R19728,AT
R19728,AZ
R19728,BA
R19728,BE
R19728,BG
R19728,BY
R19728,CH
R19728,CY
R19728,CZ
R19728,DE
R19728,DK
R19728,EE
R19728,EL
R19728,ES
R19728,FI
R19728,FR
R19728,GE
R19728,GI
R19728,HR
R19728,HU
R19728,IE
R19728,IL
R19728,IM
R19728,IT
R19728,LB
R19728,LI
R19728,LT
R19728,LU
R19728,LV
R19728,MA
R19728,MD
R19728,ME
R19728,MK
R19728,NL
R19728,NO
R19728,PL
R19728,PS
R19728,PT
R19728,RO
R19728,RS
R19728,RU
R19728,SE
R19728,SI
R19728,SK
R19728,SY
R19728,TR
R19728,UA
R19728,UK
R00107,AD
R00107,AL
R00107,AM
R00107,AT
R00107,AZ
R00107,BA
R00107,BE
R00107,BG
R00107,BY
R00107,CH
R00107,CY
R00107,CZ
R00107,DE
R00107,DK
R00107,DZ
R00107,EE
R00107,EG
R00107,EL
R00107,ES
R00107,FI
R00107,FO
R00107,FR
R00107,GE
R00107,GG
R00107,GI
R00107,HR
R00107,HU
R00107,IE
R00107,IL
R00107,IM
R00107,IS
R00107,IT
R00107,JE
R00107,LB
R00107,LI
R00107,LT
R00107,LU
R00107,LV
R00107,LY
R00107,MA
R00107,MC
R00107,MD
R00107,ME
R00107,MK
R00107,MT
R00107,NL
R00107,NO
R00107,PL
R00107,PS
R00107,PT
R00107,RO
R00107,RS
R00107,RU
R00107,SE
R00107,SI
R00107,SJ
R00107,SK
R00107,SM
R00107,SY
R00107,TN
R00107,TR
R00107,UA
R00107,UK
R00109,AL
R00109,AM
R00109,AT
R00109,AZ
R00109,BA
R00109,BE
R00109,BG
R00109,BY
R00109,CH
R00109,CZ
R00109,DE
R00109,DK
R00109,DZ
R00109,EE
R00109,EL
R00109,ES
R00109,FI
R00109,FR
R00109,GE
R00109,GG
R00109,HR
R00109,HU
R00109,IE
R00109,IM
R00109,IT
R00109,JE
R00109,LI
R00109,LT
R00109,LU
R00109,LV
R00109,MD
R00109,ME
R00109,MK
R00109,NL
R00109,NO
R00109,PL
R00109,PT
R00109,RO
R00109,RS
R00109,RU
R00109,SE
R00109,SI
R00109,SK
R00109,SM
R00109,TR
R00109,UA
R00109,UK
R00110,AT
R00110,AZ
R00110,BE
R00110,CH
R00110,DE
R00110,DK
R00110,FR
R00110,GE
R00110,IE
R00110,LI
R00110,NL
R00110,RU
R00110,SE
R00110,TR
R00110,UA
R00110,UK
R18865,DK
R18865,IT
R00111,DE
R00111,DK
R00111,UK
R00113,DK
R00113,EL
R00113,ME
R00113,SE
R00113,UK
R00115,AD
R00115,AL
R00115,AM
R00115,AT
R00115,BA
R00115,BE
R00115,BG
R00115,CH
R00115,CZ
R00115,DE
R00115,DZ
R00115,EL
R00115,ES
R00115,FR
R00115,HR
R00115,IL
R00115,IT
R00115,LU
R00115,MA
R00115,ME
R00115,MK
R00115,PT
R00115,RO
R00115,RS
R00115,SE
R00115,SI
R00115,SK
R00115,SM
R00115,SY
R00115,TR
R00115,UA
R00115,UK
R00116,AL
R00116,AM
R00116,AT
R00116,BA
R00116,BE
R00116,BG
R00116,BY
R00116,CH
R00116,CY
R00116,CZ
R00116,DE
R00116,DK
R00116,DZ
R00116,EE
R00116,EL
R00116,ES
R00116,FI
R00116,FR
R00116,GE
R00116,HR
R00116,HU
R00116,IE
R00116,IT
R00116,LT
R00116,LU
R00116,LV
R00116,MA
R00116,MD
R00116,ME
R00116,MK
R00116,NL
R00116,NO
R00116,PL
R00116,PT
R00116,RO
R00116,RS
R00116,RU
R00116,SE
R00116,SI
R00116,SK
R00116,TR
R00116,UA
R00116,UK
R18864,AL
R18864,BA
R18864,DE
R18864,DK
R18864,EL
R18864,FR
R18864,HR
R18864,IT
R18864,ME
R18864,MK
R18864,SI
R00118,AM
R00118,AT
R00118,BE
R00118,CH
R00118,DE
R00118,DK
R00118,ES
R00118,FR
R00118,GE
R00118,HR
R00118,IE
R00118,IT
R00118,JE
R00118,LU
R00118,NL
R00118,NO
R00118,PT
R00118,SE
R00118,SI
R00118,TR
R00118,UK
R00119,AM
R00119,AT
R00119,BA
R00119,BE
R00119,BG
R00119,BY
R00119,CH
R00119,CZ
R00119,DE
R00119,DK
R00119,EE
R00119,EL
R00119,ES
R00119,FI
R00119,FR
R00119,GE
R00119,HR
R00119,HU
R00119,IE
R00119,IM
R00119,IT
R00119,JE
R00119,LI
R00119,LT
R00119,LU
R00119,LV
R00119,MD
R00119,ME
R00119,MK
R00119,NL
R00119,NO
R00119,PL
R00119,PT
R00119,RO
R00119,RS
R00119,RU
R00119,SE
R00119,SI
R00119,SK
R00119,TR
R00119,UA
R00119,UK
R00120,AL
R00120,AM
R00120,AT
R00120,BA
R00120,BE
R00120,BG
R00120,BY
R00120,CH
R00120,CZ
R00120,DE
R00120,DK
R00120,DZ
R00120,EE
R00120,EL
R00120,ES
R00120,FI
R00120,FO
R00120,FR
R00120,GE
R00120,GG
R00120,HR
R00120,HU
R00120,IE
R00120,IM
R00120,IS
R00120,IT
R00120,JE
R00120,LI
R00120,LT
R00120,LU
R00120,LV
R00120,MD
R00120,ME
R00120,MK
R00120,NL
R00120,NO
R00120,PL
R00120,PT
R00120,RO
R00120,RS
R00120,RU
R00120,SE
R00120,SI
R00120,SK
R00120,SM
R00120,SY
R00120,TR
R00120,UA
R00120,UK
R00121,BE
R00121,DE
R00121,EE
R00121,FR
R00121,LU
R00121,NL
R00121,NO
R00121,UK
R00122,AM
R00122,AT
R00122,BA
R00122,BE
R00122,BY
R00122,CH
R00122,CZ
R00122,DE
R00122,DK
R00122,DZ
R00122,ES
R00122,FI
R00122,FR
R00122,GE
R00122,HR
R00122,HU
R00122,IE
R00122,IT
R00122,LI
R00122,LT
R00122,LU
R00122,LV
R00122,MD
R00122,NL
R00122,NO
R00122,PL
R00122,PT
R00122,RO
R00122,RS
R00122,RU
R00122,SE
R00122,SI
R00122,SK
R00122,UA
R00122,UK
R00123,AM
R00123,AT
R00123,BE
R00123,DE
R00123,EE
R00123,FI
R00123,GE
R00123,IE
R00123,NL
R00123,NO
R00123,PL
R00123,SE
R00123,SI
R00123,TR
R00123,UK
R00124,RU
R00124,SE
R00126,AM
R00126,AT
R00126,BE
R00126,BY
R00126,CZ
R00126,DE
R00126,DK
R00126,EE
R00126,FI
R00126,FR
R00126,IT
R00126,LT
R00126,NL
R00126,NO
R00126,RU
R00126,SE
R00126,UA
R00127,AT
R00127,BE
R00127,DE
R00127,DK
R00127,EE
R00127,FI
R00127,NL
R00127,SE
R00127,UA
R00128,NO
R00128,RU
R00129,FR
R00129,IT
R16887,AT
R16887,CZ
R16888,RS
R16889,RS
R16890,RS
R00130,AT
R00130,BE
R00130,BG
R00130,BY
R00130,CH
R00130,CZ
R00130,DE
R00130,DK
R00130,EL
R00130,ES
R00130,FR
R00130,HR
R00130,HU
R00130,IE
R00130,IT
R00130,LT
R00130,LU
R00130,MD
R00130,NL
R00130,PL
R00130,PT
R00130,RO
R00130,RS
R00130,RU
R00130,SE
R00130,SI
R00130,SK
R00130,UA
R00130,UK
R17666,BG
R17666,CY
R17666,DE
R17666,FR
R17666,HU
R17666,RO
R17666,RS
R17666,SI
R16891,RS
R16892,CY
R16892,CZ
R16892,FR
R16892,RO
R00131,ES
R16893,ES
R16894,EL
R16895,IT
R16896,RS
R00132,CY
R00132,DZ
R00132,EG
R00132,EL
R00132,ES
R00132,HR
R00132,IL
R00132,IT
R00132,LB
R00132,LY
R00132,MA
R00132,ME
R00132,PT
R00132,SY
R00132,TN
R00132,TR
R00133,CY
R00133,EL
R00133,ES
R00133,IL
R00133,IT
R00133,PT
R00134,EL
R00134,ES
R00135,AT
R00135,BE
R00135,BG
R00135,CZ
R00135,DE
R00135,DK
R00135,EL
R00135,ES
R00135,FR
R00135,IT
R00135,NL
R00135,PL
R00135,RO
R00135,RS
R00135,RU
R00135,SE
R00135,UA
R00135,UK
R17727,RU
R17728,FR
R17729,RU
R17766,BE
R17766,HU
R19256,BE
R19256,UK
R19267,BE
R19662,IT
R00142,AT
R00142,BE
R00142,CH
R00142,CZ
R00142,DE
R00142,DK
R00142,EE
R00142,EG
R00142,EL
R00142,ES
R00142,FI
R00142,FR
R00142,HR
R00142,HU
R00142,IE
R00142,IL
R00142,IT
R00142,LT
R00142,LU
R00142,LV
R00142,LY
R00142,MA
R00142,NL
R00142,PL
R00142,PT
R00142,RU
R00142,SE
R00142,SK
R00142,TR
R00142,UA
R00142,UK
R00143,AT
R00143,BE
R00143,DE
R00143,DK
R00143,ES
R00143,FR
R00143,IE
R00143,IT
R00143,PT
R00143,UK
R00145,AM
R00145,AZ
R00145,BG
R00145,BY
R00145,CZ
R00145,GE
R00145,IL
R00145,LV
R00145,NL
R00145,PL
R00145,PS
R00145,RU
R00145,SE
R00145,TR
R00145,UA
R18484,AT
R18484,DK
R18484,FR
R18484,HU
R18484,SI
R00147,AT
R00147,BE
R00147,CH
R00147,DE
R00147,DK
R00147,ES
R00147,FI
R00147,RU
R00147,SE
R00147,SI
R00148,AL
R00148,AT
R00148,BG
R00148,DE
R00148,EL
R00148,NO
R00148,PL
R00148,SE
R00149,AT
R00149,BE
R00149,BG
R00149,CH
R00149,CZ
R00149,DE
R00149,EL
R00149,FR
R00149,HR
R00149,HU
R00149,IT
R00149,RO
R00149,SI
R00149,SK
R00149,UA
R00149,UK
R18487,AT
R18487,CH
R18487,DE
R18487,MK
R18487,RO
R00150,AT
R00150,BE
R00150,DK
R00150,RO
R00150,UK
R00151,AL
R00151,AM
R00151,AT
R00151,AZ
R00151,BE
R00151,BG
R00151,BY
R00151,CH
R00151,CZ
R00151,DE
R00151,DK
R00151,DZ
R00151,EE
R00151,EL
R00151,ES
R00151,FI
R00151,FR
R00151,GE
R00151,GG
R00151,HR
R00151,HU
R00151,IT
R00151,LU
R00151,MK
R00151,NL
R00151,NO
R00151,PL
R00151,RO
R00151,RS
R00151,RU
R00151,SE
R00151,SI
R00151,SK
R00151,TR
R00151,UA
R00151,UK
R00152,AT
R00152,BG
R00152,UK
R00153,DE
R00153,DZ
R00153,ES
R00153,FR
R00153,IT
R00153,UK
R10574,CY
R10574,EL
R10574,ES
R10574,FR
R10574,GE
R10574,IE
R10574,IL
R10574,IT
R10574,MA
R10574,PT
R10574,TR
R10574,UK
R00155,AD
R00155,AL
R00155,AM
R00155,AT
R00155,AZ
R00155,BA
R00155,BE
R00155,BG
R00155,BY
R00155,CH
R00155,CY
R00155,CZ
R00155,DE
R00155,DK
R00155,DZ
R00155,EE
R00155,EL
R00155,ES
R00155,FI
R00155,FO
R00155,FR
R00155,GE
R00155,GG
R00155,HR
R00155,HU
R00155,IE
R00155,IM
R00155,IS
R00155,IT
R00155,JE
R00155,LI
R00155,LT
R00155,LU
R00155,LV
R00155,MD
R00155,ME
R00155,MK
R00155,NL
R00155,NO
R00155,PL
R00155,PT
R00155,RO
R00155,RS
R00155,RU
R00155,SE
R00155,SI
R00155,SJ
R00155,SK
R00155,TR
R00155,UA
R00155,UK
R00157,AT
R00157,BE
R00157,BY
R00157,DE
R00157,DK
R00157,EE
R00157,FI
R00157,FR
R00157,HR
R00157,IE
R00157,IT
R00157,LT
R00157,LU
R00157,LV
R00157,NL
R00157,NO
R00157,PL
R00157,RU
R00157,SE
R00157,SI
R00157,SK
R00157,UA
R00157,UK
R18486,AT
R18486,CZ
R18486,DE
R18486,DK
R18486,FR
R18486,HU
R18486,PL
R18486,SI
R18486,SK
R18486,UA
R00159,AD
R00159,AT
R00159,BA
R00159,BE
R00159,BG
R00159,BY
R00159,CH
R00159,CZ
R00159,DE
R00159,DK
R00159,EE
R00159,ES
R00159,FI
R00159,FO
R00159,FR
R00159,HR
R00159,HU
R00159,IE
R00159,IM
R00159,IS
R00159,IT
R00159,LT
R00159,LU
R00159,LV
R00159,MD
R00159,ME
R00159,NL
R00159,NO
R00159,PL
R00159,RO
R00159,RS
R00159,RU
R00159,SE
R00159,SI
R00159,SJ
R00159,SK
R00159,UA
R00159,UK
R00161,CH
R00161,DE
R00161,FR
R00161,IT
R18485,BE
R18485,BY
R18485,DE
R18485,EE
R18485,FI
R18485,LT
R18485,PL
R18485,RU
R18485,SE
R18485,UA
R00163,BE
R00163,BG
R00163,DE
R00163,DK
R00163,EL
R00163,HU
R00163,IT
R00163,NL
R00163,RO
R00163,RU
R00163,TR
R00163,UA
R17433,BG
R17433,UA
R00168,UK
R00169,EL
R00169,ES
R00169,FR
R00169,GI
R00169,IL
R00169,IT
R00169,MA
R00169,MT
R00169,PT
R00169,SY
R00171,EL
R00171,HU
R00172,DE
R00172,ES
R00174,AT
R00174,BE
R00174,BG
R00174,CZ
R00174,DE
R00174,DK
R00174,EE
R00174,EL
R00174,ES
R00174,FI
R00174,FR
R00174,LT
R00174,LV
R00174,NL
R00174,PL
R00174,RU
R00174,SI
R00174,SK
R00174,TR
R00174,UK
R00176,BE
R00176,CZ
R00176,DE
R00176,DK
R00176,EE
R00176,EL
R00176,FI
R00176,IL
R00176,LV
R00176,NL
R00176,PL
R00176,RU
R00176,SE
R00179,AM
R00179,AT
R00179,BE
R00179,BG
R00179,BY
R00179,DE
R00179,DK
R00179,EE
R00179,EL
R00179,FI
R00179,FR
R00179,LV
R00179,NL
R00179,PL
R00179,RO
R00179,RU
R00179,SE
R00179,UA
R00179,UK
R00181,BG
R00181,CZ
R00181,DE
R00181,DK
R00181,EE
R00181,FR
R00181,NL
R00181,RO
R00181,RU
R00181,TR
R18245,AL
R18245,BE
R18245,DE
R18245,DK
R18245,ES
R18245,FR
R18245,IE
R18245,IT
R18245,NL
R18245,RU
R18245,SE
R18245,UK
R00182,DE
R00182,FR
R00182,IT
R00183,PL
R00184,FR
R00185,IT
R00186,BG
R00186,CH
R00186,ES
R00186,FR
R00186,HR
R00186,HU
R00186,IT
R00186,ME
R00186,PT
R00186,RS
R00186,RU
R00186,SI
R00186,SK
R00186,UA
R00187,FR
R00187,NL
R17864,IT
R20026,FR
R20026,IT
R20026,SI
R00188,ES
R00188,FR
R00189,AT
R00189,BA
R00189,BE
R00189,BG
R00189,CH
R00189,DE
R00189,DK
R00189,EE
R00189,EL
R00189,ES
R00189,FI
R00189,FR
R00189,HU
R00189,IE
R00189,IT
R00189,LT
R00189,LU
R00189,NL
R00189,NO
R00189,PL
R00189,PT
R00189,RU
R00189,SE
R00189,UA
R00189,UK
R16898,BE
R16898,DE
R16898,DK
R16898,FI
R16898,IM
R16898,LU
R16898,NL
R16898,NO
R16898,PL
R16898,PT
R16898,SE
R16898,UK
R17639,EL
R17640,CY
R18361,NO
R18361,RO
R18361,RU
R18361,UA
R00193,AD
R00193,AM
R00193,AT
R00193,BE
R00193,BY
R00193,CH
R00193,CZ
R00193,DE
R00193,DK
R00193,EE
R00193,ES
R00193,FI
R00193,FR
R00193,HR
R00193,IE
R00193,IM
R00193,IS
R00193,IT
R00193,LI
R00193,LU
R00193,LV
R00193,NL
R00193,NO
R00193,PL
R00193,RO
R00193,RU
R00193,SE
R00193,SI
R00193,SK
R00193,UA
R00193,UK
R00194,BE
R00194,DK
R00194,FI
R00194,IS
R00197,DK
R00199,AT
R00199,CH
R00199,CZ
R00199,DE
R00199,FR
R00199,HR
R00199,IT
R00199,LT
R00199,NO
R00199,PL
R00199,RO
R00199,RU
R00199,SI
R00199,SK
R00199,UK
R18362,AT
R18362,BE
R18362,CH
R18362,DE
R18362,ES
R18362,FR
R18362,HR
R18362,IT
R18362,LU
R18362,NL
R18362,SI
R18362,UK
R00200,CZ
R00200,DE
R00200,DK
R00200,IS
R00200,NL
R00200,SE
R00201,LT
R00201,RU
R00203,RU
R16899,UA
R00206,FR
R00207,AM
R00207,AT
R00207,BA
R00207,BE
R00207,BG
R00207,BY
R00207,CH
R00207,CZ
R00207,DE
R00207,DK
R00207,EE
R00207,ES
R00207,FI
R00207,FR
R00207,GE
R00207,HR
R00207,IE
R00207,IT
R00207,JE
R00207,LT
R00207,LU
R00207,LV
R00207,MD
R00207,NL
R00207,NO
R00207,PL
R00207,RO
R00207,RU
R00207,SE
R00207,SI
R00207,SK
R00207,TR
R00207,UA
R00207,UK
R00208,AT
R00208,DE
R00208,DZ
R00208,FR
R00208,UK
R00209,ES
R00210,AT
R00210,BE
R00210,DE
R00210,ES
R00210,FR
R00210,NL
R00210,PT
R00210,RU
R00210,UK
R19748,BE
R19748,DE
R19748,ES
R19748,NL
R19748,UK
R00212,AT
R00212,BE
R00212,CY
R00212,DE
R00212,DK
R00212,EG
R00212,EL
R00212,ES
R00212,FR
R00212,IL
R00212,IT
R00212,LB
R00212,NL
R00212,NO
R00212,PL
R00212,PS
R00212,PT
R00212,RS
R00212,RU
R00212,SE
R00212,SI
R00212,SY
R00212,TR
R00212,UK
R00214,DK
R00214,FR
R00214,NL
R00214,NO
R00214,SE
R00214,UK
R19667,LB
R16355,EG
R16356,EG
R16357,EG
R00218,FR
R00218,PT
R00219,NL
R20263,IT
R18216,DZ
R18216,FR
R18216,IT
R18216,MA
R00225,NL
R18042,DE
R00226,ES
R00226,FR
R00226,HR
R00226,IT
R00226,MC
R00226,MT
R00226,PT
R00226,TN
R00227,FR
R00227,IM
R00227,NO
R00227,SE
R00227,UK
R00229,BE
R00229,NO
R00229,SE
R00229,UK
R00230,AT
R00230,DE
R00230,FI
R00230,NO
R00230,SE
R00230,UK
R00231,AT
R00231,DE
R00231,FI
R00231,NL
R00231,NO
R00231,SE
R00231,UK
R00232,BE
R00232,DE
R00232,NL
R00232,NO
R00232,PL
R00232,SE
R00232,UK
R00233,AT
R00233,DE
R00233,DK
R00233,FI
R00233,FR
R00233,NL
R00233,NO
R00233,SE
R00233,UK
R00234,UK
R00235,DK
R00235,ES
R00235,FR
R00235,NL
R00235,NO
R00235,SE
R00235,UK
R18459,DE
R18459,SE
R00237,EE
R00237,FI
R00237,NO
R00237,RU
R00237,SE
R00237,UK
R17594,IL
R17594,LB
R17594,TR
R19108,EL
R19108,FR
R19108,TN
R00238,TR
R00239,CY
R00239,EL
R00239,IL
R00239,LB
R00239,SY
R00239,TN
R00239,TR
R17755,AD
R17755,CH
R17755,DE
R17755,ES
R17755,FR
R00242,AM
R00242,AT
R00242,CH
R00242,DE
R00242,FR
R00242,NO
R00242,RU
R00242,SE
R00243,AM
R00243,AT
R00243,BA
R00243,BE
R00243,CH
R00243,CZ
R00243,DE
R00243,DK
R00243,ES
R00243,FR
R00243,GE
R00243,HR
R00243,IT
R00243,ME
R00243,NL
R00243,NO
R00243,PT
R00243,RU
R00243,SK
R00243,TR
R00243,UK
R00244,AT
R00244,BE
R00244,CZ
R00244,DE
R00244,EL
R00244,ES
R00244,FI
R00244,IT
R00244,NL
R00244,PT
R00244,SE
R01833,UK
R00245,FR
R00246,FR
R00247,CZ
R00247,DK
R00247,ES
R00247,FR
R00247,RU
R00247,UK
R00248,PT
R00250,IT
R00251,BG
R00251,CZ
R00251,IT
R00251,RO
R00252,DE
R00252,FR
R00252,GG
R00252,NL
R00252,UK
R16900,RS
R00253,AM
R00253,AZ
R00253,BG
R00253,CY
R00253,EG
R00253,ES
R00253,FR
R00253,GE
R00253,IL
R00253,IT
R00253,LB
R00253,LY
R00253,MA
R00253,MT
R00253,NL
R00253,PT
R00253,RU
R00253,SE
R00253,SI
R00253,SY
R00253,TN
R00253,TR
R00253,UA
R00254,EL
R16901,HU
R16901,IT
R16902,CZ
R16902,FR
R16902,NL
R16902,SE
R16902,UK
R16903,IT
R00255,UK
R00256,AT
R00256,BG
R00256,BY
R00256,CZ
R00256,EE
R00256,FR
R00256,IT
R00256,MD
R00256,PL
R00256,RU
R00256,SE
R00256,UK
R00257,CZ
R00257,DK
R00257,PL
R00257,SE
R00258,FR
R00258,IL
R17982,FR
R17982,NL
R17982,SE
R00260,AT
R00260,BE
R00260,DE
R00260,FR
R00260,RS
R00260,RU
R00260,SE
R00261,FR
R00261,UK
R16904,FR
R16904,HR
R16904,IT
R16904,SI
R00267,AT
R00267,BE
R00267,DE
R00267,DK
R00267,EE
R00267,FI
R00267,FR
R00267,IT
R00267,NO
R00267,RU
R00267,SE
R00267,UK
R17965,UA
R19068,FR
R18489,RU
R00276,AD
R00276,AT
R00276,BE
R00276,CH
R00276,CZ
R00276,DE
R00276,ES
R00276,FR
R00276,IT
R00276,LI
R00276,ME
R00276,PL
R00276,RO
R00276,SI
R00276,SK
R00276,UA
R00277,AL
R00277,AM
R00277,BA
R00277,BE
R00277,BG
R00277,CH
R00277,CY
R00277,DE
R00277,DK
R00277,DZ
R00277,EG
R00277,EL
R00277,ES
R00277,FR
R00277,GE
R00277,GG
R00277,GI
R00277,HR
R00277,IE
R00277,IL
R00277,IT
R00277,LB
R00277,MA
R00277,MD
R00277,ME
R00277,MT
R00277,NL
R00277,PS
R00277,PT
R00277,RO
R00277,RU
R00277,SI
R00277,SK
R00277,SY
R00277,TR
R00277,UA
R00277,UK
R00277,VA
R00279,ES
R00279,FR
R00279,PT
R00280,BE
R00280,DZ
R00280,ES
R00280,FR
R00280,GE
R00280,NL
R00280,PT
R00280,UK
R00281,AT
R00281,BE
R00281,CZ
R00281,DE
R00281,IT
R00281,NL
R00281,NO
R00281,SE
R00281,UK
R00283,CZ
R00283,HR
R00284,AT
R00284,BE
R00284,BG
R00284,CH
R00284,CY
R00284,CZ
R00284,DE
R00284,DK
R00284,DZ
R00284,EL
R00284,ES
R00284,FR
R00284,GE
R00284,HR
R00284,IL
R00284,IT
R00284,LB
R00284,MA
R00284,MD
R00284,NL
R00284,PT
R00284,RO
R00284,SE
R00284,SK
R00284,SY
R00284,TR
R00284,UK
R00285,AM
R00285,AT
R00285,BA
R00285,BE
R00285,BG
R00285,CH
R00285,CZ
R00285,DE
R00285,EL
R00285,ES
R00285,FR
R00285,GE
R00285,HR
R00285,HU
R00285,IT
R00285,LU
R00285,MK
R00285,NL
R00285,PL
R00285,RO
R00285,RU
R00285,SK
R00285,TR
R00285,UA
R00285,UK
R00286,AZ
R00286,CY
R00286,EL
R00286,ES
R00286,FR
R00286,IL
R00286,IT
R00286,MA
R00286,PS
R00286,PT
R00286,SY
R00286,TR
R00287,UK
R00289,AM
R00289,AT
R00289,AZ
R00289,BE
R00289,BG
R00289,CH
R00289,DE
R00289,DK
R00289,EE
R00289,ES
R00289,FI
R00289,FR
R00289,GE
R00289,HU
R00289,IT
R00289,LT
R00289,LU
R00289,NL
R00289,NO
R00289,PL
R00289,RO
R00289,RS
R00289,RU
R00289,SE
R00289,SI
R00289,UA
R00289,UK
R17713,AL
R17713,AT
R17713,AZ
R17713,BA
R17713,BE
R17713,BG
R17713,CH
R17713,CZ
R17713,DE
R17713,DZ
R17713,EL
R17713,ES
R17713,FR
R17713,GE
R17713,HR
R17713,IL
R17713,IT
R17713,LB
R17713,LI
R17713,MA
R17713,MC
R17713,ME
R17713,MT
R17713,NL
R17713,PT
R17713,RO
R17713,RS
R17713,RU
R17713,SE
R17713,SI
R17713,SK
R17713,SM
R17713,SY
R17713,TR
R17713,UK
R16906,BY
R16906,DE
R16906,FI
R16906,IE
R16906,NL
R16906,NO
R16906,RO
R16906,RU
R16906,SE
R16906,UK
R16907,AT
R16907,BE
R16907,CH
R16907,CZ
R16907,DE
R16907,ES
R16907,FR
R16907,HR
R16907,HU
R16907,IT
R16907,LI
R16907,LU
R16907,NL
R16907,NO
R16907,PL
R16907,RO
R16907,RS
R16907,RU
R16907,SE
R16907,SI
R17656,AT
R17656,BE
R17656,DE
R17656,HU
R17656,IT
R17656,NO
R17656,RU
R17656,SE
R17656,UA
R00294,AT
R00294,BE
R00294,DE
R00294,ES
R00294,FR
R00294,IT
R00294,NL
R00294,NO
R00294,PL
R00294,RO
R00294,RU
R00294,SE
R00294,UA
R00294,UK
R00299,EL
R00299,FR
R00299,NL
R00299,TR
R00295,FR
R00295,SY
R00295,TR
R00296,AL
R00296,AM
R00296,AT
R00296,BE
R00296,BG
R00296,BY
R00296,CH
R00296,CZ
R00296,DE
R00296,DK
R00296,DZ
R00296,EE
R00296,EL
R00296,ES
R00296,FR
R00296,GE
R00296,HU
R00296,IT
R00296,LT
R00296,LV
R00296,NL
R00296,NO
R00296,PL
R00296,RU
R00296,SE
R00296,SI
R00296,SK
R00296,TR
R00296,UA
R00296,UK
R00297,AL
R00297,BE
R00297,BG
R00297,CY
R00297,CZ
R00297,DK
R00297,DZ
R00297,EL
R00297,ES
R00297,FR
R00297,HR
R00297,IL
R00297,IT
R00297,LB
R00297,MA
R00297,ME
R00297,MK
R00297,MT
R00297,PS
R00297,PT
R00297,RS
R00297,RU
R00297,SI
R00297,SY
R00297,TR
R00297,UA
R00298,FR
R00300,AL
R00300,BG
R00300,CH
R00300,DK
R00300,EL
R00300,ES
R00300,FR
R00300,HR
R00300,IT
R00300,NL
R00300,PT
R00300,SI
R00300,SY
R00300,TR
R00300,UA
R00300,UK
R00301,FR
R00301,IL
R00301,NL
R00301,SY
R00301,UK
R00302,AZ
R00302,EL
R00302,LV
R00302,RU
R00302,SE
R00302,TR
R00303,AL
R00303,AM
R00303,BE
R00303,BY
R00303,CY
R00303,DE
R00303,DK
R00303,EL
R00303,ES
R00303,FR
R00303,HR
R00303,IL
R00303,IT
R00303,NL
R00303,PT
R00303,RU
R00303,SY
R00303,TR
R00303,UA
R00303,UK
R00304,BE
R00304,DZ
R00304,ES
R00304,FR
R00304,LY
R00304,NL
R00305,AT
R00305,BE
R00305,DE
R00305,FR
R00305,LU
R00305,SK
R00306,BE
R00306,DE
R00306,DK
R00306,ES
R00306,FI
R00306,FR
R00306,GG
R00306,IE
R00306,IL
R00306,IM
R00306,JE
R00306,LU
R00306,NL
R00306,NO
R00306,SE
R00306,UA
R00306,UK
R00307,AT
R00307,BG
R00307,DE
R00307,DK
R00307,EE
R00307,ES
R00307,FI
R00307,FR
R00307,GG
R00307,IE
R00307,IM
R00307,JE
R00307,LU
R00307,LV
R00307,NL
R00307,NO
R00307,SE
R00307,UK
R00308,AT
R00308,CZ
R00308,DE
R00308,HR
R00308,HU
R00308,SI
R00309,AL
R00309,AM
R00309,AT
R00309,BA
R00309,BE
R00309,BG
R00309,BY
R00309,CH
R00309,CY
R00309,CZ
R00309,DE
R00309,DK
R00309,EE
R00309,EL
R00309,ES
R00309,FI
R00309,FO
R00309,FR
R00309,HR
R00309,HU
R00309,IE
R00309,IM
R00309,IS
R00309,IT
R00309,JE
R00309,LB
R00309,LI
R00309,LT
R00309,LU
R00309,LV
R00309,MD
R00309,ME
R00309,NL
R00309,NO
R00309,PL
R00309,PT
R00309,RO
R00309,RS
R00309,RU
R00309,SE
R00309,SI
R00309,SK
R00309,TR
R00309,UA
R00309,UK
R19745,AD
R19745,AM
R19745,AT
R19745,AZ
R19745,BE
R19745,BG
R19745,CH
R19745,CY
R19745,CZ
R19745,DE
R19745,DK
R19745,EE
R19745,EG
R19745,EL
R19745,ES
R19745,FI
R19745,FR
R19745,GE
R19745,GI
R19745,HU
R19745,IL
R19745,IT
R19745,LB
R19745,LU
R19745,MA
R19745,MD
R19745,NL
R19745,NO
R19745,PL
R19745,PS
R19745,PT
R19745,RO
R19745,RS
R19745,RU
R19745,SE
R19745,SK
R19745,TR
R19745,UA
R19745,UK
R00312,BE
R00312,BG
R00312,EL
R00312,ES
R00312,FR
R00312,IL
R00312,RU
R00312,UA
R16908,ES
R16908,FR
R00315,PL
R00317,ES
R00317,FR
R00318,DE
R00318,NO
R00318,PT
R00318,SE
R00325,ES
R00327,UA
R00328,CY
R00328,DE
R00328,DZ
R00328,EL
R00328,ES
R00328,FR
R00328,IL
R00328,IT
R00328,MA
R00328,MT
R00328,PT
R00328,TR
R00328,UK
R00329,ES
R00329,FR
R00329,UK
R00330,ES
R00330,IT
R00331,PT
R00332,ES
R00332,FR
R00332,IT
R00332,PT
R00333,ES
R00333,IT
R16522,LB
R17473,SY
R17473,TR
R19307,EL
R19307,FR
R19307,IL
R19668,ES
R19668,FR
R19668,IE
R19668,NL
R19668,NO
R19668,SE
R19668,TR
R19668,UK
R00334,IE
R00334,UK
R00336,DE
R00336,IS
R00337,BE
R00337,FR
R00338,AT
R00338,BE
R00338,CH
R00338,DE
R00338,FR
R00338,IT
R00338,RU
R00340,AT
R00340,BE
R00340,DE
R00340,HR
R00340,IT
R00340,NL
R00340,PL
R00340,SE
R00340,UK
R00341,AD
R00341,AL
R00341,AM
R00341,AT
R00341,BA
R00341,BE
R00341,BG
R00341,BY
R00341,CH
R00341,CY
R00341,CZ
R00341,DE
R00341,DK
R00341,DZ
R00341,EE
R00341,EL
R00341,ES
R00341,FI
R00341,FR
R00341,GE
R00341,GG
R00341,HR
R00341,HU
R00341,IE
R00341,IL
R00341,IM
R00341,IT
R00341,JE
R00341,LI
R00341,LT
R00341,LU
R00341,LV
R00341,MA
R00341,MC
R00341,MD
R00341,ME
R00341,MK
R00341,NL
R00341,NO
R00341,PL
R00341,PT
R00341,RO
R00341,RS
R00341,RU
R00341,SE
R00341,SI
R00341,SK
R00341,TR
R00341,UA
R00341,UK
R00342,BE
R00342,UK
R00343,AT
R00343,BE
R00343,CH
R00343,CZ
R00343,DE
R00343,NL
R00343,SE
R00343,UK
R00344,BE
R00344,DE
R00344,FR
R00344,GE
R00344,HR
R00344,IE
R00344,LU
R00344,NL
R00344,UK
R18866,AT
R18866,BE
R18866,CZ
R18866,DE
R18866,FR
R18866,HR
R18866,IE
R18866,IT
R18866,LU
R18866,NL
R18866,NO
R18866,PT
R18866,SE
R18866,TR
R18866,UK
R00350,EL
R00350,ES
R00350,FR
R00350,IL
R00350,IT
R00350,LB
R00350,PT
R00350,UK
R00351,DK
R00351,EG
R00351,IT
R00351,PT
R00355,AT
R00355,DE
R00355,FI
R00355,FR
R00355,IS
R00355,NO
R00355,PL
R00355,SE
R00355,UK
R18278,BE
R18278,DE
R18278,DK
R18278,FI
R18278,SE
R18278,SI
R18278,UK
R16523,EG
R20197,LT
R00359,FR
R00359,IL
R00359,LB
R00359,SY
R00359,TR
R19133,NL
R19133,SE
R00360,EL
R00360,ES
R00360,FR
R00360,IL
R00360,IT
R00360,PT
R00361,FR
R00361,IT
R00361,MT
R00362,ES
R16909,FR
R00363,BE
R00363,CZ
R00363,DE
R00363,DZ
R00363,EL
R00363,ES
R00363,FR
R00363,IE
R00363,IL
R00363,IT
R00363,JE
R00363,NL
R00363,PT
R00363,TR
R00363,UK
R00364,BE
R00364,ES
R00364,FR
R00364,IL
R00365,AT
R00365,BE
R00365,CZ
R00365,DE
R00365,EL
R00365,ES
R00365,FR
R00365,IL
R00365,IT
R00365,LB
R00365,NL
R00365,PT
R00365,UK
R00366,DE
R00366,UK
R00367,BE
R00367,DE
R00367,EL
R00367,ES
R00367,FR
R00367,IL
R00367,IT
R00367,NL
R00367,PT
R00367,UK
R19776,ES
R19776,FR
R19776,IL
R19776,NL
R19776,PT
R19776,UK
R00369,BE
R00369,CY
R00369,CZ
R00369,DE
R00369,EL
R00369,ES
R00369,FR
R00369,GG
R00369,IL
R00369,IT
R00369,MA
R00369,NL
R00369,PT
R00369,RO
R00369,RS
R00369,TR
R00369,UK
R00369,VA
R00371,FR
R00371,IT
R00371,NL
R00371,NO
R00371,UK
R00376,UK
R00377,AT
R00377,DE
R00377,DK
R00377,FI
R00377,NL
R00377,RU
R00377,SE
R00377,UK
R00378,FI
R00378,NO
R00378,PL
R18867,PT
R00380,DE
R00380,DK
R00380,EE
R00380,FI
R00380,NL
R00380,NO
R00380,RU
R00380,SE
R00380,UK
R00382,AL
R00382,ES
R00382,FR
R00382,IT
R00382,MA
R00382,PT
R00384,DZ
R00384,PT
R00385,DZ
R00385,EG
R00385,ES
R00385,FR
R00385,HR
R00385,IT
R00385,LY
R00385,MC
R00385,MT
R00385,PT
R00387,ES
R00387,IT
R00387,PT
R00388,DZ
R00388,ES
R00388,IT
R00389,DZ
R00389,ES
R00389,FR
R00389,IT
R00389,MA
R00389,MT
R00389,PT
R18779,DZ
R18779,ES
R18779,FR
R18779,PT
R00390,DE
R00390,ES
R00390,FR
R00390,LT
R00390,NL
R19733,FR
R19733,IE
R19733,NL
R19733,UK
R00392,FR
R00392,IL
R00392,IT
R00393,AT
R00393,FR
R00393,IS
R00393,NL
R00393,UK
R00394,DE
R00394,DZ
R00394,EL
R00394,ES
R00394,FR
R00394,HR
R00394,IT
R00394,LB
R00394,MA
R00394,MC
R00394,NL
R00394,PT
R00395,AT
R00395,BE
R00395,CZ
R00395,DE
R00395,DK
R00395,IT
R00395,NL
R00396,DE
R00396,ES
R00396,FR
R00396,PT
R00398,AM
R00398,AT
R00398,AZ
R00398,BA
R00398,BE
R00398,BG
R00398,BY
R00398,CH
R00398,CZ
R00398,DE
R00398,DK
R00398,DZ
R00398,EE
R00398,EL
R00398,ES
R00398,FI
R00398,FR
R00398,GE
R00398,HR
R00398,HU
R00398,IT
R00398,JE
R00398,LU
R00398,MD
R00398,ME
R00398,MK
R00398,NL
R00398,PL
R00398,PT
R00398,RO
R00398,RS
R00398,RU
R00398,SE
R00398,SI
R00398,SK
R00398,TR
R00398,UA
R00398,UK
R16525,EG
R16525,IL
R16526,EG
R00399,IT
R00399,UK
R00400,ES
R00400,FR
R00400,HR
R00400,IT
R00400,UK
R00401,DK
R00401,IT
R00401,NO
R00401,SE
R00402,CH
R00402,DK
R00402,FR
R00402,PT
R00402,SE
R00402,UK
R00403,AM
R00403,BE
R00403,BG
R00403,CH
R00403,DE
R00403,DK
R00403,EL
R00403,ES
R00403,FR
R00403,IT
R00403,LU
R00403,NL
R00403,PT
R00403,RU
R00403,UA
R00403,UK
R00404,AM
R00404,AT
R00404,BE
R00404,BG
R00404,BY
R00404,CH
R00404,CY
R00404,CZ
R00404,DE
R00404,DK
R00404,EE
R00404,EL
R00404,ES
R00404,FI
R00404,FR
R00404,GE
R00404,HR
R00404,HU
R00404,IE
R00404,IL
R00404,IT
R00404,LT
R00404,LU
R00404,LV
R00404,MD
R00404,ME
R00404,NL
R00404,NO
R00404,PL
R00404,PT
R00404,RO
R00404,RS
R00404,RU
R00404,SE
R00404,SI
R00404,SK
R00404,UA
R00404,UK
R00405,UK
R00407,AT
R00407,BE
R00407,CH
R00407,CZ
R00407,DE
R00407,DK
R00407,ES
R00407,FR
R00407,LU
R00407,NL
R00407,NO
R00407,PT
R00407,SE
R00407,UK
R20138,NO
R20138,SE
R00409,NO
R00409,RU
R00409,SE
R00409,UA
R00410,AT
R00410,BE
R00410,DE
R00410,DK
R00410,EE
R00410,FR
R00410,IT
R00410,LU
R00410,NO
R00410,PL
R00410,UK
R00411,PT
R00411,RU
R00412,AL
R00412,AM
R00412,AT
R00412,AZ
R00412,BE
R00412,BG
R00412,BY
R00412,CH
R00412,CZ
R00412,DE
R00412,DK
R00412,EE
R00412,EL
R00412,ES
R00412,FI
R00412,FR
R00412,GE
R00412,HR
R00412,HU
R00412,IE
R00412,IT
R00412,LT
R00412,LU
R00412,LV
R00412,NL
R00412,NO
R00412,PL
R00412,PT
R00412,RO
R00412,RS
R00412,RU
R00412,SE
R00412,SI
R00412,SK
R00412,SY
R00412,TR
R00412,UA
R00412,UK
R00413,AT
R00413,BA
R00413,BE
R00413,BY
R00413,CH
R00413,CZ
R00413,DE
R00413,DK
R00413,ES
R00413,FI
R00413,FR
R00413,HU
R00413,IE
R00413,IT
R00413,LU
R00413,NL
R00413,NO
R00413,PL
R00413,RO
R00413,RU
R00413,SE
R00413,SI
R00413,SK
R00413,UA
R00413,UK
R00417,ES
R00417,FR
R00417,UK
R00421,DE
R00421,DK
R00421,ES
R00421,LU
R00421,NL
R00421,NO
R00421,PL
R00421,SE
R00421,SI
R00421,UK
R19747,NL
R19747,NO
R19747,RU
R19747,UK
R00423,AM
R00423,AT
R00423,BE
R00423,BG
R00423,BY
R00423,CH
R00423,CZ
R00423,DK
R00423,EE
R00423,ES
R00423,FI
R00423,FR
R00423,GE
R00423,HU
R00423,LT
R00423,LV
R00423,MD
R00423,NL
R00423,NO
R00423,PL
R00423,RO
R00423,RU
R00423,SE
R00423,SK
R00423,TR
R00423,UA
R00423,UK
R00424,LT
R00424,UA
R00425,AT
R00425,FI
R00425,IT
R00425,LV
R00425,RU
R00426,LV
R00426,RU
R00429,IS
R00429,SE
R00429,SK
R08035,BE
R08035,FR
R08035,NL
R08035,UK
R00433,BE
R00434,AL
R00434,AT
R00434,BE
R00434,BG
R00434,BY
R00434,CH
R00434,CZ
R00434,DE
R00434,DK
R00434,EE
R00434,ES
R00434,FI
R00434,FR
R00434,HU
R00434,IE
R00434,IM
R00434,IS
R00434,IT
R00434,LT
R00434,LU
R00434,NL
R00434,NO
R00434,PL
R00434,RO
R00434,RU
R00434,SE
R00434,SI
R00434,SK
R00434,UA
R00434,UK
R00437,AT
R00437,BE
R00437,DE
R00437,ES
R00437,FI
R00437,FR
R00437,IT
R00437,NL
R00437,PT
R00437,SI
R00437,UK
R00438,BE
R00439,BE
R00439,RU
R00439,SE
R00440,AT
R00440,BE
R00440,BY
R00440,CH
R00440,CZ
R00440,DE
R00440,DK
R00440,EE
R00440,FI
R00440,FR
R00440,HU
R00440,IE
R00440,IM
R00440,IS
R00440,IT
R00440,LT
R00440,LU
R00440,NL
R00440,NO
R00440,PL
R00440,RU
R00440,SE
R00440,SI
R00440,UA
R00440,UK
R00442,AT
R00442,BY
R00442,FR
R00442,NL
R00443,BE
R00443,EL
R00443,NL
R00443,UK
R00444,BE
R00444,ES
R00444,FR
R00444,NL
R00444,SE
R00446,DK
R00446,ES
R00446,FI
R00446,UK
R00447,AT
R00447,BE
R00447,CZ
R00447,DE
R00447,DK
R00447,FI
R00447,FR
R00447,NL
R00447,NO
R00447,RU
R00447,SE
R00447,UK
R18255,AT
R18255,BE
R18255,BG
R18255,BY
R18255,CH
R18255,CZ
R18255,DE
R18255,DK
R18255,EE
R18255,ES
R18255,FI
R18255,FR
R18255,HU
R18255,IE
R18255,IM
R18255,IS
R18255,IT
R18255,LU
R18255,ME
R18255,NL
R18255,NO
R18255,PL
R18255,PT
R18255,RO
R18255,RS
R18255,RU
R18255,SE
R18255,SI
R18255,UA
R18255,UK
R18296,BE
R18296,NL
R17797,ES
R00456,AT
R00456,BE
R00456,CZ
R00456,DE
R00456,DK
R00456,EE
R00456,FI
R00456,FR
R00456,IT
R00456,LU
R00456,NL
R00456,NO
R00456,PL
R00456,RU
R00456,SE
R00456,UK
R00457,DE
R00458,FR
R19908,ES
R19908,PT
R19908,UK
R16528,EG
R16528,FR
R00460,AL
R00460,AM
R00460,AT
R00460,AZ
R00460,BA
R00460,BE
R00460,BG
R00460,CH
R00460,CY
R00460,CZ
R00460,DE
R00460,DK
R00460,DZ
R00460,EE
R00460,EG
R00460,EL
R00460,ES
R00460,FR
R00460,GE
R00460,HR
R00460,HU
R00460,IE
R00460,IL
R00460,IT
R00460,JE
R00460,LB
R00460,LI
R00460,LU
R00460,LY
R00460,MA
R00460,MC
R00460,MD
R00460,ME
R00460,MK
R00460,MT
R00460,NL
R00460,NO
R00460,PL
R00460,PS
R00460,PT
R00460,RO
R00460,RS
R00460,RU
R00460,SE
R00460,SI
R00460,SK
R00460,SM
R00460,SY
R00460,TN
R00460,TR
R00460,UA
R00460,UK
R00461,FR
R00462,AT
R00462,BE
R00462,CH
R00462,CZ
R00462,DE
R00462,DK
R00462,ES
R00462,FI
R00462,FR
R00462,IE
R00462,IM
R00462,IT
R00462,LU
R00462,LV
R00462,NL
R00462,NO
R00462,PL
R00462,PT
R00462,SE
R00462,UK
R00464,AM
R00464,CH
R00464,DE
R00464,DK
R00464,EL
R00464,ES
R00464,FR
R00464,GE
R00464,HR
R00464,IL
R00464,NL
R00464,RU
R00464,SE
R00464,UK
R00465,AT
R00465,FR
R00466,AT
R00466,AZ
R00466,BA
R00466,BE
R00466,BG
R00466,BY
R00466,CH
R00466,CY
R00466,CZ
R00466,DE
R00466,DK
R00466,EE
R00466,EL
R00466,ES
R00466,FI
R00466,FO
R00466,FR
R00466,HR
R00466,HU
R00466,IE
R00466,IL
R00466,IM
R00466,IS
R00466,IT
R00466,JE
R00466,LI
R00466,LT
R00466,LU
R00466,LV
R00466,MD
R00466,ME
R00466,MK
R00466,NL
R00466,NO
R00466,PL
R00466,PT
R00466,RO
R00466,RS
R00466,RU
R00466,SE
R00466,SI
R00466,SJ
R00466,SK
R00466,TR
R00466,UA
R00466,UK
R00467,AT
R00467,BE
R00467,BG
R00467,BY
R00467,CH
R00467,CZ
R00467,DE
R00467,DK
R00467,EL
R00467,ES
R00467,FI
R00467,FO
R00467,FR
R00467,HR
R00467,HU
R00467,IE
R00467,IL
R00467,IS
R00467,IT
R00467,LT
R00467,LU
R00467,LV
R00467,MA
R00467,NL
R00467,NO
R00467,PL
R00467,PT
R00467,RO
R00467,RS
R00467,SE
R00467,SI
R00467,SK
R00467,TR
R00467,UA
R00467,UK
R00469,CY
R00469,EL
R00469,ES
R00469,IL
R00469,MA
R00469,PT
R00468,EG
R00468,ES
R00468,IL
R00468,LY
R00468,MA
R00468,PT
R00468,TN
R00470,AD
R00470,AL
R00470,AM
R00470,AT
R00470,BA
R00470,BG
R00470,CH
R00470,CY
R00470,CZ
R00470,DE
R00470,DZ
R00470,EL
R00470,ES
R00470,FR
R00470,GE
R00470,HR
R00470,HU
R00470,IL
R00470,IT
R00470,LB
R00470,LU
R00470,MD
R00470,ME
R00470,MK
R00470,NL
R00470,PL
R00470,PS
R00470,RO
R00470,RS
R00470,RU
R00470,SI
R00470,SK
R00470,SY
R00470,TR
R00470,UA
R00470,UK
R00471,CZ
R00471,DK
R00471,GE
R00471,IL
R00471,ME
R00471,RU
R00471,SK
R00471,TR
R00472,AM
R00472,AT
R00472,AZ
R00472,BA
R00472,BE
R00472,BG
R00472,BY
R00472,CH
R00472,CZ
R00472,DE
R00472,DK
R00472,EE
R00472,EL
R00472,ES
R00472,FI
R00472,FR
R00472,GE
R00472,HR
R00472,HU
R00472,IT
R00472,LT
R00472,LU
R00472,MD
R00472,ME
R00472,MK
R00472,NL
R00472,NO
R00472,PL
R00472,RO
R00472,RS
R00472,RU
R00472,SE
R00472,SI
R00472,SK
R00472,TR
R00472,UA
R00472,UK
R00474,AD
R00474,AL
R00474,AM
R00474,AT
R00474,BE
R00474,BG
R00474,BY
R00474,CH
R00474,CZ
R00474,DE
R00474,DK
R00474,EE
R00474,EL
R00474,ES
R00474,FI
R00474,FR
R00474,GE
R00474,IE
R00474,IS
R00474,IT
R00474,LT
R00474,LU
R00474,ME
R00474,NL
R00474,NO
R00474,PL
R00474,PT
R00474,RO
R00474,RU
R00474,SE
R00474,SI
R00474,SK
R00474,TR
R00474,UA
R00474,UK
R00475,AD
R00475,AL
R00475,AT
R00475,BA
R00475,BE
R00475,BG
R00475,BY
R00475,CH
R00475,CZ
R00475,DE
R00475,DK
R00475,EE
R00475,EL
R00475,ES
R00475,FI
R00475,FO
R00475,FR
R00475,GE
R00475,GG
R00475,HR
R00475,HU
R00475,IE
R00475,IM
R00475,IT
R00475,LI
R00475,LT
R00475,LU
R00475,LV
R00475,MC
R00475,MD
R00475,ME
R00475,MK
R00475,NL
R00475,NO
R00475,PL
R00475,PT
R00475,RO
R00475,RS
R00475,RU
R00475,SE
R00475,SI
R00475,SK
R00475,TR
R00475,UA
R00475,UK
R19334,LB
R00476,AT
R00476,BE
R00476,CH
R00476,CZ
R00476,DE
R00476,DK
R00476,FR
R00476,GE
R00476,HR
R00476,IT
R00476,NL
R00476,NO
R00476,SE
R00476,SI
R00476,SK
R00476,UA
R00476,UK
R19813,AD
R19813,AL
R19813,AM
R19813,AT
R19813,AZ
R19813,BA
R19813,BE
R19813,BG
R19813,BY
R19813,CH
R19813,CY
R19813,CZ
R19813,DE
R19813,DK
R19813,DZ
R19813,EE
R19813,EG
R19813,EL
R19813,ES
R19813,FI
R19813,FO
R19813,FR
R19813,GE
R19813,GG
R19813,GI
R19813,HR
R19813,HU
R19813,IE
R19813,IL
R19813,IM
R19813,IS
R19813,IT
R19813,JE
R19813,LB
R19813,LI
R19813,LT
R19813,LU
R19813,LV
R19813,LY
R19813,MA
R19813,MC
R19813,MD
R19813,ME
R19813,MK
R19813,MT
R19813,NL
R19813,NO
R19813,PL
R19813,PS
R19813,PT
R19813,RO
R19813,RS
R19813,RU
R19813,SE
R19813,SI
R19813,SJ
R19813,SK
R19813,SY
R19813,TN
R19813,TR
R19813,UA
R19813,UK
R19237,EL
R19220,EL
R19217,EL
R19221,EL
R19219,EL
R19218,TR
R00477,AL
R00477,AM
R00477,AT
R00477,AZ
R00477,BA
R00477,BE
R00477,BG
R00477,CH
R00477,CY
R00477,CZ
R00477,DE
R00477,DZ
R00477,EG
R00477,EL
R00477,ES
R00477,FR
R00477,GE
R00477,HR
R00477,HU
R00477,IT
R00477,MA
R00477,MD
R00477,ME
R00477,MK
R00477,NL
R00477,PT
R00477,RO
R00477,RS
R00477,RU
R00477,SI
R00477,SK
R00477,SY
R00477,TN
R00477,TR
R00477,UA
R00477,UK
R00478,DZ
R00478,EG
R00478,FR
R00478,IL
R13501,FR
R13501,PT
R00480,BE
R00480,BY
R00480,CZ
R00480,DE
R00480,DK
R00480,EE
R00480,FI
R00480,FR
R00480,GE
R00480,IE
R00480,LT
R00480,LU
R00480,NL
R00480,NO
R00480,PL
R00480,RU
R00480,SE
R00480,SI
R00480,UK
R00481,AT
R00481,BE
R00481,BG
R00481,BY
R00481,CH
R00481,CY
R00481,CZ
R00481,DE
R00481,DK
R00481,DZ
R00481,EE
R00481,EL
R00481,ES
R00481,FI
R00481,FR
R00481,HR
R00481,HU
R00481,IT
R00481,LT
R00481,LU
R00481,LV
R00481,MA
R00481,MD
R00481,NL
R00481,NO
R00481,PL
R00481,PT
R00481,RO
R00481,RS
R00481,RU
R00481,SE
R00481,SI
R00481,SK
R00481,UA
R00481,UK
R00483,DE
R00483,TR
R00486,AL
R00486,AM
R00486,AT
R00486,BA
R00486,BE
R00486,BG
R00486,BY
R00486,CH
R00486,CZ
R00486,DE
R00486,DK
R00486,DZ
R00486,EE
R00486,EG
R00486,EL
R00486,ES
R00486,FI
R00486,FR
R00486,GE
R00486,HR
R00486,HU
R00486,IE
R00486,IL
R00486,IT
R00486,JE
R00486,LT
R00486,LU
R00486,LV
R00486,MA
R00486,MD
R00486,ME
R00486,MK
R00486,MT
R00486,NL
R00486,NO
R00486,PL
R00486,PT
R00486,RO
R00486,RS
R00486,RU
R00486,SE
R00486,SI
R00486,SK
R00486,SM
R00486,TN
R00486,TR
R00486,UA
R00486,UK
R00487,BA
R00487,EL
R00487,HR
R00487,IL
R00487,IT
R00487,LB
R00487,NO
R00487,PS
R00487,SE
R00487,SY
R00491,AT
R00491,CH
R00491,DE
R00491,DK
R00491,ES
R00491,FI
R00491,FO
R00491,FR
R00491,IE
R00491,IS
R00491,IT
R00491,LI
R00491,NL
R00491,NO
R00491,RU
R00491,SE
R00491,SI
R00491,UK
R00492,FI
R00492,IS
R00492,NO
R00492,RU
R00492,SE
R00492,SJ
R00492,UK
R00493,AT
R00493,BE
R00493,CH
R00493,CZ
R00493,DE
R00493,DK
R00493,FR
R00493,IM
R00493,NL
R00493,SE
R00493,UK
R00494,AT
R00494,EE
R00494,FI
R00494,NO
R00494,RU
R00494,SE
R00495,FI
R00496,FI
R00496,RU
R00497,AT
R00497,CH
R00497,CZ
R00497,DE
R00497,DK
R00497,EE
R00497,ES
R00497,FI
R00497,FR
R00497,IT
R00497,NL
R00497,NO
R00497,PL
R00497,RU
R00497,SE
R00497,SI
R00497,UK
R00498,FI
R00498,NO
R00498,RU
R00498,SE
R00499,FI
R00499,RU
R00500,FI
R00500,RU
R00501,AT
R00501,BE
R00501,BY
R00501,CH
R00501,CZ
R00501,DE
R00501,DK
R00501,FI
R00501,IT
R00501,LT
R00501,LU
R00501,NL
R00501,NO
R00501,RU
R00501,SE
R00501,SI
R00501,UK
R00502,AM
R00502,AT
R00502,BE
R00502,BY
R00502,CH
R00502,CZ
R00502,DE
R00502,DK
R00502,EE
R00502,FI
R00502,FO
R00502,FR
R00502,GE
R00502,HU
R00502,IE
R00502,IM
R00502,IS
R00502,IT
R00502,JE
R00502,LI
R00502,LU
R00502,LV
R00502,NL
R00502,NO
R00502,PL
R00502,RO
R00502,RU
R00502,SE
R00502,SI
R00502,SK
R00502,TR
R00502,UK
R00503,AM
R00503,AT
R00503,BE
R00503,BY
R00503,CH
R00503,CZ
R00503,DE
R00503,DK
R00503,EE
R00503,ES
R00503,FI
R00503,FR
R00503,GE
R00503,IE
R00503,IS
R00503,IT
R00503,LT
R00503,LU
R00503,ME
R00503,NL
R00503,NO
R00503,PL
R00503,RO
R00503,RU
R00503,SE
R00503,SI
R00503,SK
R00503,UA
R00503,UK
R00504,CH
R00504,FI
R00504,FR
R00504,NO
R00504,RU
R00504,SE
R00505,FI
R00505,NO
R00505,RU
R00505,SE
R00505,SK
R00507,FI
R00507,NO
R00507,RU
R00507,SE
R00508,FI
R00508,NO
R00508,RU
R00509,CZ
R00509,NL
R00509,PL
R00509,RU
R00509,SE
R00510,AT
R00510,CZ
R00510,NO
R00510,SE
R00510,UK
R00511,DE
R00511,ES
R00511,SE
R00512,AT
R00512,CH
R00512,DE
R00512,EE
R00512,FI
R00512,FR
R00512,IS
R00512,NL
R00512,NO
R00512,RU
R00512,SE
R00512,SJ
R00512,UK
R00513,DE
R00513,NO
R00513,SE
R00514,BE
R00514,CZ
R00514,UK
R00517,DZ
R00517,ES
R00517,GI
R00517,IT
R00517,LY
R00517,MA
R00517,PT
R00517,TN
R00517,UK
R00518,AM
R00518,AT
R00518,AZ
R00518,BE
R00518,BG
R00518,CY
R00518,CZ
R00518,DE
R00518,EG
R00518,EL
R00518,ES
R00518,FR
R00518,GE
R00518,HR
R00518,IL
R00518,IT
R00518,LB
R00518,MT
R00518,NL
R00518,NO
R00518,PS
R00518,RS
R00518,RU
R00518,SE
R00518,SI
R00518,SY
R00518,TR
R00518,UA
R00518,UK
R00519,AL
R00519,AT
R00519,BA
R00519,BE
R00519,BG
R00519,CH
R00519,CZ
R00519,DE
R00519,EL
R00519,ES
R00519,FR
R00519,HR
R00519,IT
R00519,LB
R00519,MA
R00519,ME
R00519,MK
R00519,NL
R00519,PT
R00519,RS
R00519,SI
R00519,SM
R00520,AD
R00520,AT
R00520,BE
R00520,CH
R00520,CZ
R00520,DE
R00520,DK
R00520,EL
R00520,ES
R00520,FR
R00520,GG
R00520,HU
R00520,IE
R00520,IM
R00520,IT
R00520,JE
R00520,MC
R00520,NL
R00520,NO
R00520,PL
R00520,PT
R00520,SE
R00520,SI
R00520,UK
R18210,IL
R00521,BE
R00521,DE
R00521,DK
R00521,FI
R00521,FR
R00521,LU
R00521,NL
R00521,NO
R00521,PT
R00521,RU
R00521,SE
R00521,UK
R00522,FR
R00522,PT
R00523,SE
R00524,AT
R00524,FR
R00525,AT
R00525,BE
R00525,DE
R00525,DK
R00525,FO
R00525,FR
R00525,LU
R00525,NL
R00525,NO
R00525,SE
R00525,UK
R00526,CY
R00526,EG
R00526,EL
R00526,FR
R00526,IL
R00526,LB
R00526,LY
R00526,MT
R00526,SY
R00526,TN
R00526,TR
R19531,DK
R19531,IE
R17959,FR
R17959,HR
R17959,IT
R17959,ME
R00528,EE
R00528,NL
R17975,FR
R17975,IT
R17975,SI
R18017,HR
R18027,FR
R18027,HR
R18027,NL
R00531,ES
R00531,FR
R00531,PT
R00532,BE
R00532,FR
R00533,CY
R00533,EG
R00533,IL
R00533,IT
R00533,MT
R00534,FR
R17985,PT
R00536,UK
R00537,UK
R00538,DZ
R00538,EG
R00538,EL
R00538,ES
R00538,FR
R00538,HR
R00538,IL
R00538,IT
R00538,LB
R00538,MA
R00538,MT
R00538,PT
R00538,TN
R00538,TR
R00538,UK
R00539,ES
R00539,FR
R16912,FR
R16912,UK
R00540,DE
R00540,ES
R00540,NL
R00540,PT
R00540,UK
R17435,ES
R17435,GE
R17435,RO
R17435,UA
R17436,DZ
R17436,EL
R17436,ES
R17436,FR
R17436,GE
R17436,IT
R17436,LY
R17436,MT
R17436,UA
R19519,EL
R19519,TN
R19523,FR
R19523,IL
R19523,IT
R19525,TN
R00543,DK
R00543,ES
R00543,FR
R00543,NL
R00544,BG
R00544,DE
R00544,DK
R00544,EG
R00544,EL
R00544,ES
R00544,FR
R00544,HR
R00544,IL
R00544,IT
R00544,MT
R00544,NO
R00544,PT
R00544,SE
R00544,TN
R00544,TR
R17242,BG
R17242,EL
R17242,FR
R17242,NO
R17242,UA
R17242,UK
R00545,DK
R00545,ES
R00545,FR
R00545,GE
R00545,HR
R00545,IL
R00545,IS
R00545,NO
R00545,PL
R00545,RO
R00545,SJ
R17438,DK
R17438,EL
R17438,ES
R17438,FR
R17438,HR
R17438,MT
R17438,NO
R17438,TN
R17438,UA
R00548,DK
R00548,EL
R00548,ES
R00548,FR
R00548,HR
R00548,MT
R00549,BE
R00549,CH
R00549,DE
R00549,FI
R00549,FR
R00549,LT
R00549,NL
R00549,RU
R00549,SE
R00549,UA
R00549,UK
R00551,AM
R00551,CY
R00551,CZ
R00551,GE
R00551,IL
R00551,RU
R00551,TR
R17617,FR
R17617,IL
R19269,AT
R19269,BE
R19269,CZ
R19269,DE
R19269,DK
R19269,FR
R19269,HU
R19269,LU
R19269,NL
R19269,NO
R19269,PL
R19269,SE
R19269,SI
R19269,SK
R19269,UK
R00552,AL
R00552,AT
R00552,BE
R00552,BG
R00552,BY
R00552,CH
R00552,CZ
R00552,DE
R00552,DK
R00552,DZ
R00552,EL
R00552,ES
R00552,FR
R00552,HR
R00552,HU
R00552,IE
R00552,IL
R00552,IT
R00552,LT
R00552,LU
R00552,LV
R00552,ME
R00552,NL
R00552,PL
R00552,PT
R00552,RO
R00552,RU
R00552,SE
R00552,SI
R00552,SK
R00552,TR
R00552,UA
R00552,UK
R11444,AM
R11444,AT
R11444,AZ
R11444,BA
R11444,BE
R11444,BG
R11444,BY
R11444,CH
R11444,CZ
R11444,DE
R11444,DK
R11444,EE
R11444,EL
R11444,ES
R11444,FI
R11444,FR
R11444,GE
R11444,HR
R11444,HU
R11444,IT
R11444,LI
R11444,LT
R11444,LU
R11444,LV
R11444,MD
R11444,NL
R11444,NO
R11444,PL
R11444,RO
R11444,RS
R11444,RU
R11444,SE
R11444,SI
R11444,SK
R11444,TR
R11444,UA
R11444,UK
R11446,AT
R11446,BE
R11446,CZ
R11446,DE
R11446,FR
R11446,SK
R17695,AT
R17695,DE
R17695,DK
R17695,IS
R17695,LU
R17695,NO
R17695,SE
R17695,UK
R00556,DZ
R00556,FR
R00559,DK
R00560,AL
R00560,AT
R00560,BA
R00560,BE
R00560,CH
R00560,CY
R00560,DE
R00560,DK
R00560,DZ
R00560,EG
R00560,EL
R00560,ES
R00560,FI
R00560,FR
R00560,GE
R00560,GG
R00560,HR
R00560,IE
R00560,IL
R00560,IT
R00560,LB
R00560,LV
R00560,LY
R00560,MA
R00560,MT
R00560,NL
R00560,PS
R00560,PT
R00560,RO
R00560,RS
R00560,RU
R00560,SE
R00560,SK
R00560,SY
R00560,TR
R00560,UK
R00561,AT
R00561,BY
R00561,CH
R00561,CZ
R00561,DE
R00561,EE
R00561,FI
R00561,FR
R00561,HU
R00561,IT
R00561,LV
R00561,NO
R00561,PL
R00561,RO
R00561,RU
R00561,SE
R00561,SI
R00561,UA
R00562,BG
R00562,CZ
R00562,DE
R00562,DK
R00562,GE
R00562,HU
R00562,NL
R00563,AM
R00563,CZ
R00563,GE
R00563,RU
R00563,TR
R00563,UA
R00564,AL
R00564,AT
R00564,BA
R00564,BE
R00564,BG
R00564,CH
R00564,CZ
R00564,DE
R00564,DK
R00564,FR
R00564,HR
R00564,IE
R00564,IT
R00564,LI
R00564,LU
R00564,ME
R00564,NL
R00564,NO
R00564,PL
R00564,RS
R00564,SE
R00564,SI
R00564,SK
R00564,TR
R00564,UK
R00565,AL
R00565,AM
R00565,AT
R00565,BA
R00565,BE
R00565,BY
R00565,CH
R00565,CZ
R00565,DE
R00565,DK
R00565,DZ
R00565,EE
R00565,EG
R00565,EL
R00565,ES
R00565,FI
R00565,FR
R00565,HR
R00565,IE
R00565,IL
R00565,IT
R00565,LU
R00565,LY
R00565,MA
R00565,MT
R00565,NL
R00565,NO
R00565,PL
R00565,PT
R00565,RS
R00565,RU
R00565,SE
R00565,SI
R00565,SJ
R00565,SK
R00565,SY
R00565,TR
R00565,UA
R00565,UK
R00567,AT
R00567,BE
R00567,CH
R00567,CZ
R00567,DE
R00567,DK
R00567,FR
R00567,IE
R00567,IM
R00567,NL
R00567,SE
R00567,SK
R00567,UK
R18711,DZ
R18711,RS
R18711,UA
R00569,AT
R00569,BE
R00569,BY
R00569,CH
R00569,CZ
R00569,DE
R00569,DK
R00569,DZ
R00569,EE
R00569,EL
R00569,FI
R00569,FR
R00569,GE
R00569,HR
R00569,NO
R00569,RU
R00569,SE
R00569,UA
R00569,UK
R00570,AT
R00570,BA
R00570,BG
R00570,CH
R00570,CZ
R00570,DE
R00570,EL
R00570,FR
R00570,HR
R00570,HU
R00570,IT
R00570,LU
R00570,ME
R00570,MK
R00570,RO
R00570,RS
R00570,RU
R00570,SE
R00570,SK
R00570,TR
R00570,UK
R18730,ES
R18730,RO
R00571,BE
R00571,BY
R00571,DK
R00571,EE
R00571,FI
R00571,NL
R00571,NO
R00571,SE
R00571,UK
R18731,AD
R18731,AT
R18731,BE
R18731,CH
R18731,CZ
R18731,DE
R18731,ES
R18731,FR
R18731,HR
R18731,HU
R18731,IT
R18731,LI
R18731,LV
R18731,NL
R18731,NO
R18731,PL
R18731,RO
R18731,RU
R18731,SE
R18731,SI
R18731,SK
R18731,UA
R00572,AT
R00572,BE
R00572,CH
R00572,CZ
R00572,DE
R00572,DK
R00572,ES
R00572,FR
R00572,IT
R00572,NL
R00572,PL
R00572,RU
R00572,SE
R00572,SK
R00572,UA
R00572,UK
R00574,BE
R00574,CY
R00574,DE
R00574,DK
R00574,EL
R00574,ES
R00574,FR
R00574,GG
R00574,HR
R00574,IE
R00574,IL
R00574,IT
R00574,LB
R00574,LY
R00574,MC
R00574,ME
R00574,MT
R00574,NL
R00574,PS
R00574,PT
R00574,SI
R00574,SY
R00574,TR
R00574,UK
R00575,AT
R00575,BE
R00575,BG
R00575,CH
R00575,DE
R00575,DZ
R00575,EL
R00575,ES
R00575,FR
R00575,HR
R00575,IL
R00575,IT
R00575,MA
R00575,NL
R00575,PT
R00575,SY
R00575,TR
R00575,UK
R00577,AT
R00577,BE
R00577,BG
R00577,BY
R00577,CH
R00577,CZ
R00577,DE
R00577,DK
R00577,EE
R00577,ES
R00577,FI
R00577,FR
R00577,HR
R00577,HU
R00577,IE
R00577,IS
R00577,IT
R00577,LI
R00577,LT
R00577,LU
R00577,LV
R00577,NL
R00577,NO
R00577,PL
R00577,PT
R00577,RO
R00577,RS
R00577,RU
R00577,SE
R00577,SI
R00577,SJ
R00577,SK
R00577,UA
R00577,UK
R00578,DZ
R00578,EL
R00578,ES
R00578,FR
R00578,HR
R00578,IL
R00578,IT
R00578,PT
R00578,RU
R00578,TR
R00578,UA
R00578,UK
R00582,BE
R00582,DK
R00582,FR
R00582,IT
R00582,NL
R00582,UK
R00584,AL
R00584,BE
R00584,CH
R00584,CZ
R00584,DE
R00584,DZ
R00584,EL
R00584,ES
R00584,FR
R00584,GG
R00584,GI
R00584,HR
R00584,IE
R00584,IM
R00584,IT
R00584,MA
R00584,ME
R00584,MK
R00584,MT
R00584,NL
R00584,PT
R00584,SE
R00584,SI
R00584,TN
R00584,TR
R00584,UK
R00585,AM
R00585,AT
R00585,BG
R00585,BY
R00585,CH
R00585,CZ
R00585,DE
R00585,DK
R00585,EL
R00585,ES
R00585,FI
R00585,FR
R00585,GE
R00585,HR
R00585,HU
R00585,IL
R00585,IT
R00585,LB
R00585,LU
R00585,MD
R00585,MK
R00585,NL
R00585,NO
R00585,PL
R00585,RO
R00585,RU
R00585,SE
R00585,SK
R00585,SY
R00585,TR
R00585,UA
R00586,AL
R00586,AT
R00586,BA
R00586,BE
R00586,BY
R00586,CH
R00586,CZ
R00586,DE
R00586,DZ
R00586,EE
R00586,EG
R00586,EL
R00586,ES
R00586,FI
R00586,FR
R00586,GE
R00586,HR
R00586,HU
R00586,IE
R00586,IT
R00586,LY
R00586,MA
R00586,MD
R00586,MT
R00586,NL
R00586,NO
R00586,PL
R00586,PT
R00586,RO
R00586,RS
R00586,RU
R00586,SE
R00586,SK
R00586,SY
R00586,TR
R00586,UA
R00586,UK
R00590,AT
R00590,BE
R00590,BG
R00590,BY
R00590,CH
R00590,CZ
R00590,DE
R00590,DK
R00590,EE
R00590,ES
R00590,FI
R00590,FR
R00590,HR
R00590,HU
R00590,IE
R00590,IM
R00590,IT
R00590,LT
R00590,LU
R00590,LV
R00590,MD
R00590,NL
R00590,NO
R00590,PL
R00590,RO
R00590,RS
R00590,RU
R00590,SE
R00590,SI
R00590,SK
R00590,TR
R00590,UA
R00590,UK
R18363,BE
R18363,BG
R18363,CH
R18363,DE
R18363,DK
R18363,FR
R18363,IM
R18363,IT
R18363,MD
R18363,NL
R18363,NO
R18363,RO
R18363,SE
R18363,SK
R18363,TR
R18363,UA
R18363,UK
R00592,AD
R00592,AL
R00592,AT
R00592,BA
R00592,BE
R00592,BG
R00592,CH
R00592,CY
R00592,CZ
R00592,DE
R00592,DK
R00592,EL
R00592,ES
R00592,FR
R00592,GE
R00592,HR
R00592,HU
R00592,IE
R00592,IT
R00592,ME
R00592,MK
R00592,NL
R00592,PT
R00592,RO
R00592,RS
R00592,RU
R00592,SE
R00592,SI
R00592,TR
R00592,UA
R00592,UK
R19909,AT
R19909,CZ
R19909,DE
R19909,NL
R19909,SE
R19909,SK
R00593,AT
R00593,EL
R00593,ES
R00593,FR
R00593,GG
R00593,HR
R00593,IL
R00593,IT
R00593,LY
R00593,MT
R00593,NL
R00593,TR
R00593,UK
R00594,DE
R00594,DZ
R00594,ES
R00594,FR
R00594,IT
R00594,MA
R00594,PT
R00595,BE
R00595,CY
R00595,DE
R00595,DK
R00595,DZ
R00595,ES
R00595,FR
R00595,GE
R00595,GG
R00595,GI
R00595,IE
R00595,IM
R00595,IT
R00595,JE
R00595,MA
R00595,MT
R00595,NL
R00595,PT
R00595,SE
R00595,TN
R00595,TR
R00595,UK
R19910,AT
R19910,CZ
R19910,DE
R19910,DK
R19910,FR
R19910,HU
R19910,IT
R19910,NL
R19910,PL
R19910,RU
R19910,SE
R19910,SK
R19910,UA
R19910,UK
R00596,BE
R00596,NL
R00596,UK
R00597,AT
R00597,BA
R00597,BE
R00597,BG
R00597,BY
R00597,CH
R00597,CY
R00597,CZ
R00597,DE
R00597,DK
R00597,EE
R00597,EL
R00597,ES
R00597,FI
R00597,FO
R00597,FR
R00597,GE
R00597,HR
R00597,HU
R00597,IE
R00597,IM
R00597,IT
R00597,JE
R00597,LI
R00597,LT
R00597,LU
R00597,LV
R00597,MD
R00597,ME
R00597,MK
R00597,NL
R00597,NO
R00597,PL
R00597,RO
R00597,RS
R00597,RU
R00597,SE
R00597,SI
R00597,SK
R00597,UA
R00597,UK
R00598,AM
R00598,AT
R00598,BG
R00598,CH
R00598,CZ
R00598,DE
R00598,ES
R00598,FR
R00598,GE
R00598,HR
R00598,IT
R00598,LI
R00598,ME
R00598,NO
R00598,PL
R00598,RO
R00598,RS
R00598,RU
R00598,SE
R00598,SI
R00598,SK
R00598,UA
R00599,AT
R00599,BE
R00599,BG
R00599,BY
R00599,CH
R00599,CZ
R00599,DE
R00599,DK
R00599,EE
R00599,EL
R00599,ES
R00599,FI
R00599,FR
R00599,HR
R00599,HU
R00599,IE
R00599,IM
R00599,IT
R00599,LI
R00599,LT
R00599,LU
R00599,MA
R00599,MD
R00599,NL
R00599,NO
R00599,PL
R00599,PT
R00599,RO
R00599,RS
R00599,RU
R00599,SE
R00599,SI
R00599,SK
R00599,TR
R00599,UA
R00599,UK
R00600,BE
R00600,CZ
R00600,DE
R00600,NL
R00600,SE
R18273,CY
R18273,ES
R18273,FR
R18273,LY
R19212,ES
R16530,IL
R16530,IT
R00604,AT
R00604,DE
R00604,PL
R00605,IE
R00605,NO
R00606,BE
R00606,CH
R00606,DE
R00606,FR
R00606,NL
R00606,RU
R00606,SE
R00607,FR
R19282,AT
R19282,BE
R19282,FR
R19282,IE
R19282,IL
R19282,SE
R19282,UK
R19283,DE
R19283,FR
R00617,AT
R00617,BG
R00617,CH
R00617,CZ
R00617,DE
R00617,DK
R00617,FI
R00617,FR
R00617,IS
R00617,IT
R00617,LI
R00617,ME
R00617,NL
R00617,NO
R00617,PL
R00617,RO
R00617,RU
R00617,SE
R00617,SI
R00617,SK
R00617,UA
R00617,UK
R18869,DE
R18869,DK
R18869,IS
R00609,AT
R00609,BE
R00609,DE
R00609,DK
R00609,DZ
R00609,FR
R00609,IE
R00609,IT
R00609,NL
R00609,NO
R00609,PT
R00609,UK
R00610,AL
R00610,AT
R00610,AZ
R00610,BA
R00610,BE
R00610,BG
R00610,BY
R00610,CH
R00610,CZ
R00610,DE
R00610,DK
R00610,DZ
R00610,EE
R00610,EL
R00610,ES
R00610,FI
R00610,FR
R00610,GE
R00610,GG
R00610,HR
R00610,HU
R00610,IE
R00610,IL
R00610,IM
R00610,IT
R00610,JE
R00610,LI
R00610,LT
R00610,LU
R00610,LV
R00610,MD
R00610,ME
R00610,MK
R00610,NL
R00610,NO
R00610,PL
R00610,PT
R00610,RO
R00610,RS
R00610,RU
R00610,SE
R00610,SI
R00610,SK
R00610,TR
R00610,UA
R00610,UK
R00612,AM
R00612,AT
R00612,BA
R00612,BE
R00612,BG
R00612,BY
R00612,CH
R00612,CZ
R00612,DE
R00612,DK
R00612,EE
R00612,ES
R00612,FI
R00612,FO
R00612,FR
R00612,GE
R00612,HU
R00612,IE
R00612,IM
R00612,IS
R00612,IT
R00612,LI
R00612,LT
R00612,LU
R00612,LV
R00612,ME
R00612,NL
R00612,NO
R00612,PL
R00612,RO
R00612,RS
R00612,RU
R00612,SE
R00612,SI
R00612,SK
R00612,UA
R00612,UK
R00613,DK
R00613,NO
R00613,PL
R00613,SE
R00614,DE
R00614,RU
R00616,DE
R00616,FR
R00616,IE
R00616,NL
R00616,NO
R00616,SE
R00616,UK
R18868,BE
R18868,DE
R18868,NL
R18868,UK
R20140,DZ
R20140,EL
R20140,FR
R20140,PT
R00620,AT
R00620,BG
R00620,DE
R00620,MD
R00620,RU
R00620,SI
R00621,DE
R00621,DZ
R00621,EG
R00621,EL
R00621,ES
R00621,FR
R00621,GE
R00621,HR
R00621,IT
R00621,JE
R00621,MA
R00621,MC
R00621,PT
R00621,TN
R00621,TR
R00621,UA
R00621,UK
R00622,DZ
R00622,ES
R00622,FR
R00623,DZ
R00623,ES
R00623,PT
R00624,DZ
R00624,FR
R00624,IT
R00624,PT
R00626,CH
R00626,EL
R00626,ES
R00626,FR
R00626,GI
R00626,HR
R00626,IT
R00626,MA
R00626,PT
R00627,DZ
R00627,IT
R00627,PT
R00629,DZ
R00629,ES
R00630,ES
R00631,CY
R00631,DZ
R00631,EG
R00631,EL
R00631,ES
R00631,FR
R00631,IT
R00631,LY
R00631,MA
R00631,MT
R00631,PT
R00631,TR
R00632,FR
R00632,UK
R18796,DK
R18796,DZ
R18796,NL
R18796,SE
R18796,UK
R00636,AT
R00636,BE
R00636,BY
R00636,CH
R00636,CZ
R00636,DE
R00636,DK
R00636,EE
R00636,ES
R00636,FI
R00636,FR
R00636,GE
R00636,IS
R00636,IT
R00636,LU
R00636,NL
R00636,NO
R00636,PL
R00636,RO
R00636,RU
R00636,SE
R00636,SI
R00636,SK
R00636,UA
R00636,UK
R00637,RU
R00638,AT
R00638,BE
R00638,BY
R00638,CH
R00638,CZ
R00638,DE
R00638,DK
R00638,EE
R00638,ES
R00638,FI
R00638,FR
R00638,IE
R00638,IM
R00638,IS
R00638,IT
R00638,LI
R00638,LT
R00638,LU
R00638,NL
R00638,NO
R00638,PL
R00638,RU
R00638,SE
R00638,SI
R00638,UA
R00638,UK
R00640,AL
R00640,AT
R00640,BE
R00640,BY
R00640,CH
R00640,CZ
R00640,DE
R00640,DK
R00640,EE
R00640,ES
R00640,FI
R00640,FR
R00640,HU
R00640,IE
R00640,IL
R00640,IS
R00640,IT
R00640,LT
R00640,LU
R00640,LV
R00640,NL
R00640,NO
R00640,PL
R00640,PT
R00640,RU
R00640,SE
R00640,SI
R00640,SJ
R00640,SK
R00640,TR
R00640,UA
R00640,UK
R00642,DE
R00642,FR
R00642,IS
R00642,IT
R00642,NO
R00642,SE
R00643,AL
R00643,AT
R00643,CH
R00643,DK
R00643,FR
R00643,IL
R00643,IT
R00643,LB
R00643,LU
R00643,NL
R00643,PL
R00643,SI
R00643,UK
R00644,AT
R00644,BA
R00644,BE
R00644,BG
R00644,CH
R00644,CY
R00644,CZ
R00644,DE
R00644,DK
R00644,EG
R00644,EL
R00644,ES
R00644,FR
R00644,HR
R00644,HU
R00644,IE
R00644,IL
R00644,IM
R00644,IT
R00644,LI
R00644,LT
R00644,LU
R00644,MA
R00644,MC
R00644,MK
R00644,NL
R00644,NO
R00644,PL
R00644,PS
R00644,PT
R00644,RO
R00644,RS
R00644,RU
R00644,SE
R00644,SI
R00644,SK
R00644,TR
R00644,UK
R18870,DE
R18870,ES
R18870,HR
R18870,LY
R18870,MT
R18870,PT
R17461,EG
R17461,FR
R17461,IL
R17461,LB
R17461,SY
R17461,TR
R00655,DZ
R00655,EG
R00655,IL
R00655,LB
R00655,MA
R00655,SY
R00655,TN
R00655,TR
R20254,FR
R20254,TN
R00656,EG
R00656,IL
R00656,SY
R00656,TR
R00657,DZ
R00657,EG
R00657,EL
R00657,IL
R00657,LB
R00657,MA
R00657,TN
R00657,TR
R00658,AT
R00658,BE
R00658,BG
R00658,CH
R00658,DE
R00658,DK
R00658,EE
R00658,ES
R00658,FI
R00658,FR
R00658,IE
R00658,LT
R00658,LU
R00658,LV
R00658,MD
R00658,ME
R00658,NL
R00658,NO
R00658,PL
R00658,RU
R00658,SE
R00658,UK
R00659,DK
R00659,EE
R00659,ES
R00659,FR
R00659,IL
R00659,NL
R00659,NO
R00659,SE
R00659,UK
R00660,AT
R00660,BE
R00660,BG
R00660,CH
R00660,CZ
R00660,DE
R00660,DK
R00660,EL
R00660,FR
R00660,HR
R00660,IT
R00660,LT
R00660,LU
R00660,MD
R00660,NL
R00660,NO
R00660,PL
R00660,RU
R00660,SE
R00660,UK
R09247,CH
R09247,SE
R00661,DZ
R00661,EG
R00661,ES
R00661,FR
R00661,PT
R00661,UK
R00662,DK
R00662,ES
R00662,FR
R00662,IE
R00662,IM
R00662,PT
R00662,UK
R00663,ES
R00663,PT
R00665,BE
R00665,ES
R00665,FR
R00665,HR
R00665,NL
R00665,PT
R18707,BE
R18707,DZ
R18707,EG
R18707,ES
R18707,FR
R18707,IL
R18707,IT
R18707,NL
R18707,RU
R18707,TR
R18707,UK
R00668,BE
R00668,FR
R00669,ES
R00669,FR
R00669,IT
R00669,NL
R00670,BE
R00670,ES
R00670,FR
R00670,IL
R00670,NL
R00671,AM
R00671,BE
R00671,DZ
R00671,EG
R00671,ES
R00671,FR
R00671,IL
R00671,IT
R00671,NL
R00671,RU
R00671,TN
R00671,TR
R00673,ES
R00673,IL
R00673,TR
R00676,CY
R00676,EG
R00676,ES
R00676,MT
R00677,FR
R00677,IT
R00679,NO
R00679,RS
R00679,TR
R00680,NO
R00680,UK
R00681,IT
R00681,SE
R00681,UK
R00682,IT
R00683,CZ
R00683,SK
R00683,UA
R00684,AL
R00684,AM
R00684,AT
R00684,BA
R00684,BE
R00684,BG
R00684,CH
R00684,CZ
R00684,DE
R00684,EL
R00684,ES
R00684,FR
R00684,HR
R00684,HU
R00684,IL
R00684,IT
R00684,ME
R00684,MK
R00684,NL
R00684,RS
R00684,RU
R00684,SI
R00684,SM
R00684,TR
R00684,UA
R00685,AT
R00685,BE
R00685,BG
R00685,CH
R00685,CZ
R00685,DE
R00685,DK
R00685,ES
R00685,FR
R00685,GE
R00685,HR
R00685,IL
R00685,IT
R00685,LU
R00685,NL
R00685,RU
R00685,SI
R00685,UK
R00686,ES
R00686,FR
R00687,AT
R00687,BA
R00687,BE
R00687,BG
R00687,BY
R00687,CH
R00687,CZ
R00687,DE
R00687,DK
R00687,DZ
R00687,EE
R00687,EL
R00687,ES
R00687,FR
R00687,HR
R00687,HU
R00687,IE
R00687,IL
R00687,IT
R00687,LI
R00687,LU
R00687,LV
R00687,MD
R00687,ME
R00687,MK
R00687,NL
R00687,NO
R00687,PL
R00687,PT
R00687,RO
R00687,RS
R00687,RU
R00687,SE
R00687,SI
R00687,SK
R00687,TR
R00687,UA
R00687,UK
R00689,ES
R00689,FR
R00689,LV
R00689,PT
R00689,SI
R16914,FI
R16914,FR
R16914,SE
R16914,UK
R00690,CY
R00690,IL
R00690,LB
R00690,SY
R00690,TN
R00690,TR
R19643,IL
R00691,AL
R00691,AM
R00691,AT
R00691,BE
R00691,BY
R00691,CH
R00691,CZ
R00691,DE
R00691,DK
R00691,EE
R00691,EL
R00691,ES
R00691,FI
R00691,FR
R00691,GE
R00691,HR
R00691,HU
R00691,IT
R00691,LT
R00691,LU
R00691,LV
R00691,MD
R00691,NL
R00691,NO
R00691,PL
R00691,RO
R00691,RS
R00691,RU
R00691,SE
R00691,SI
R00691,SK
R00691,TR
R00691,UA
R00691,UK
R00694,FR
R00695,SE
R00696,BE
R00696,BY
R00696,DK
R00696,EE
R00696,ES
R00696,HU
R00696,LV
R00696,NL
R00696,RU
R00696,SE
R00696,TR
R00696,UA
R00698,AT
R00698,BE
R00698,RO
R00698,RU
R00698,TR
R00698,UA
R00700,ES
R00700,FR
R00700,IL
R00700,RU
R18492,AT
R18492,BE
R18492,CH
R18492,CZ
R18492,DE
R18492,DK
R18492,EE
R18492,EL
R18492,ES
R18492,FR
R18492,HR
R18492,HU
R18492,IT
R18492,LT
R18492,NL
R18492,RU
R18492,SE
R18492,SI
R18492,SK
R18492,UK
R00705,AT
R00705,BE
R00705,CH
R00705,CZ
R00705,DE
R00705,DK
R00705,EL
R00705,FR
R00705,GE
R00705,IL
R00705,IT
R00705,LB
R00705,NL
R00705,PL
R00705,RU
R00705,SE
R00705,SK
R00705,UA
R00706,BY
R00706,CZ
R00706,FR
R00706,SE
R00707,FR
R00708,BE
R00708,EL
R00708,ES
R00708,FR
R00708,IL
R00708,LV
R00708,NL
R00708,PT
R00708,RU
R00708,SE
R00708,UA
R18491,AT
R18491,BE
R18491,CY
R18491,EL
R18491,ES
R18491,IL
R18491,NL
R18491,SY
R18491,TR
R00709,HU
R00709,LT
R00709,RU
R00709,UA
R00710,FR
R00711,AD
R00711,BE
R00711,CH
R00711,DE
R00711,ES
R00711,FR
R00711,LU
R00711,NL
R00711,PL
R00711,PT
R00711,UK
R00712,DE
R00712,DZ
R00712,ES
R00712,FR
R00712,IT
R00712,PT
R00712,UK
R00713,BE
R00713,EG
R00713,EL
R00713,ES
R00713,FR
R00713,IL
R00713,IT
R00713,LB
R00713,NL
R00713,PT
R00713,SI
R00713,TR
R00713,UK
R19826,ES
R00715,BE
R00715,ES
R00715,PT
R00715,UK
R00716,NL
R00716,UK
R00719,AT
R00719,BE
R00719,BG
R00719,BY
R00719,CH
R00719,CZ
R00719,DE
R00719,DK
R00719,EL
R00719,ES
R00719,FI
R00719,FR
R00719,HR
R00719,HU
R00719,IE
R00719,IL
R00719,IM
R00719,IT
R00719,JE
R00719,LT
R00719,LU
R00719,NL
R00719,NO
R00719,PL
R00719,PT
R00719,RS
R00719,RU
R00719,SE
R00719,TR
R00719,UA
R00719,UK
R00720,BE
R00720,DE
R00720,FR
R00720,IT
R00720,NL
R00720,SE
R00720,UK
R00721,AT
R00721,BE
R00721,CH
R00721,DE
R00721,DK
R00721,FI
R00721,FO
R00721,FR
R00721,IE
R00721,IT
R00721,LT
R00721,LU
R00721,NL
R00721,NO
R00721,PL
R00721,RU
R00721,SE
R00721,UA
R00721,UK
R00722,FI
R00722,LU
R00722,NO
R00722,SE
R00722,UK
R00723,FI
R00723,MD
R00723,NL
R00723,NO
R00723,PL
R00723,RU
R00723,SE
R00723,UK
R00724,AT
R00724,CH
R00724,DE
R00724,FI
R00724,FR
R00724,IE
R00724,IT
R00724,LU
R00724,NL
R00724,NO
R00724,RU
R00724,SE
R00724,UK
R00726,AL
R00726,AT
R00726,BA
R00726,BE
R00726,BG
R00726,BY
R00726,CH
R00726,CY
R00726,CZ
R00726,DE
R00726,DK
R00726,DZ
R00726,EE
R00726,EL
R00726,ES
R00726,FI
R00726,FR
R00726,GE
R00726,HR
R00726,HU
R00726,IE
R00726,IL
R00726,IT
R00726,LT
R00726,LU
R00726,LV
R00726,MA
R00726,MD
R00726,MK
R00726,NL
R00726,NO
R00726,PL
R00726,PT
R00726,RO
R00726,RS
R00726,RU
R00726,SE
R00726,SI
R00726,SK
R00726,SY
R00726,TR
R00726,UA
R00726,UK
R00727,AL
R00727,AM
R00727,AT
R00727,BA
R00727,BE
R00727,BG
R00727,BY
R00727,CH
R00727,CY
R00727,CZ
R00727,DE
R00727,DK
R00727,DZ
R00727,EE
R00727,EL
R00727,ES
R00727,FI
R00727,FR
R00727,GE
R00727,HR
R00727,HU
R00727,IL
R00727,IT
R00727,LT
R00727,LV
R00727,LY
R00727,MA
R00727,MD
R00727,MT
R00727,NL
R00727,NO
R00727,PL
R00727,PS
R00727,PT
R00727,RO
R00727,RS
R00727,RU
R00727,SE
R00727,SI
R00727,SK
R00727,SY
R00727,TR
R00727,UA
R00727,UK
R00728,AT
R00728,BE
R00728,BY
R00728,CH
R00728,CZ
R00728,DE
R00728,DK
R00728,DZ
R00728,EE
R00728,EG
R00728,EL
R00728,ES
R00728,FI
R00728,FR
R00728,GE
R00728,GG
R00728,HR
R00728,HU
R00728,IL
R00728,IT
R00728,LT
R00728,LU
R00728,LV
R00728,MA
R00728,MD
R00728,MT
R00728,NL
R00728,NO
R00728,PL
R00728,PT
R00728,RO
R00728,RU
R00728,SE
R00728,SI
R00728,SK
R00728,TR
R00728,UA
R00728,UK
R00731,BE
R00731,DE
R00731,EL
R00731,ES
R00731,FR
R00731,IT
R00731,NL
R00731,RO
R00732,BE
R00732,FR
R00732,UK
R00736,CZ
R00736,SK
R00738,BE
R00738,UK
R00739,AT
R00739,BA
R00739,BE
R00739,BG
R00739,BY
R00739,CZ
R00739,DK
R00739,FR
R00739,HR
R00739,IT
R00739,MD
R00739,NL
R00739,RO
R00739,RS
R00739,SK
R00740,AL
R00740,AT
R00740,BA
R00740,BE
R00740,BG
R00740,BY
R00740,CH
R00740,CY
R00740,CZ
R00740,DE
R00740,DK
R00740,EE
R00740,EL
R00740,ES
R00740,FI
R00740,FR
R00740,GE
R00740,HR
R00740,HU
R00740,IL
R00740,IT
R00740,LI
R00740,LT
R00740,LU
R00740,LV
R00740,MD
R00740,MT
R00740,NL
R00740,PL
R00740,PT
R00740,RO
R00740,RU
R00740,SE
R00740,SI
R00740,SK
R00740,TR
R00740,UA
R00740,UK
R00742,AL
R00742,AM
R00742,AT
R00742,BA
R00742,BE
R00742,BG
R00742,CH
R00742,CY
R00742,CZ
R00742,DE
R00742,DK
R00742,DZ
R00742,EL
R00742,ES
R00742,FI
R00742,FR
R00742,GE
R00742,HR
R00742,HU
R00742,IT
R00742,MA
R00742,MD
R00742,ME
R00742,MK
R00742,MT
R00742,NL
R00742,PL
R00742,PT
R00742,RO
R00742,RS
R00742,RU
R00742,SE
R00742,SI
R00742,SK
R00742,TN
R00742,TR
R00742,UA
R00742,UK
R18710,BA
R18710,BE
R18710,BG
R18710,CH
R18710,CZ
R18710,DE
R18710,DK
R18710,EE
R18710,EG
R18710,ES
R18710,FR
R18710,GE
R18710,HR
R18710,IL
R18710,IT
R18710,NL
R18710,PL
R18710,RO
R18710,SE
R18710,SI
R18710,SK
R18710,TR
R18710,UA
R18710,UK
R00744,DE
R00744,DK
R00744,ES
R00744,SK
R00746,AL
R00746,AT
R00746,BA
R00746,BE
R00746,BG
R00746,BY
R00746,CH
R00746,CZ
R00746,DE
R00746,DK
R00746,DZ
R00746,EE
R00746,EG
R00746,EL
R00746,ES
R00746,FI
R00746,FR
R00746,GE
R00746,HR
R00746,HU
R00746,IL
R00746,IT
R00746,LT
R00746,LU
R00746,MA
R00746,MD
R00746,ME
R00746,MT
R00746,NL
R00746,NO
R00746,PL
R00746,PT
R00746,RO
R00746,RS
R00746,RU
R00746,SE
R00746,SI
R00746,SK
R00746,TR
R00746,UA
R00746,UK
R18715,AT
R18715,BE
R18715,CZ
R18715,DK
R18715,EL
R18715,ES
R18715,FR
R18715,LU
R18715,NL
R18715,RO
R18715,SE
R18715,UK
R00752,AT
R00752,BE
R00752,BG
R00752,CH
R00752,CY
R00752,CZ
R00752,DE
R00752,EL
R00752,ES
R00752,FI
R00752,FR
R00752,HR
R00752,IT
R00752,LI
R00752,MA
R00752,MD
R00752,MT
R00752,NL
R00752,NO
R00752,PT
R00752,RO
R00752,RU
R00752,SE
R00752,SI
R00752,SK
R00752,TR
R00752,UA
R00752,UK
R00759,BE
R00759,BY
R00760,AT
R00760,BE
R00760,DK
R00760,DZ
R00760,EL
R00760,ES
R00760,FR
R00760,IL
R00760,IT
R00760,MA
R00760,NL
R00760,PT
R00761,AT
R00761,BE
R00761,BY
R00761,CH
R00761,CY
R00761,CZ
R00761,DE
R00761,DK
R00761,EG
R00761,EL
R00761,ES
R00761,FR
R00761,GE
R00761,IL
R00761,IT
R00761,LT
R00761,LU
R00761,LV
R00761,NL
R00761,NO
R00761,PL
R00761,PT
R00761,RO
R00761,RU
R00761,SE
R00761,SI
R00761,SK
R00761,TN
R00761,TR
R00761,UA
R00761,UK
R18713,BE
R18713,ES
R18713,FR
R18713,IT
R00764,AT
R00764,BE
R00764,BY
R00764,CH
R00764,CZ
R00764,DE
R00764,EL
R00764,ES
R00764,FI
R00764,FR
R00764,HU
R00764,IT
R00764,LT
R00764,LV
R00764,MA
R00764,MD
R00764,PT
R00764,RO
R00764,RS
R00764,RU
R00764,SE
R00764,SI
R00764,SK
R00764,UA
R00764,UK
R18714,AT
R18714,BE
R18714,DE
R18714,FR
R18714,LU
R18714,NL
R18714,SI
R18714,UK
R00768,AL
R00768,AM
R00768,AT
R00768,AZ
R00768,BA
R00768,BE
R00768,BG
R00768,BY
R00768,CH
R00768,CY
R00768,CZ
R00768,DE
R00768,DK
R00768,DZ
R00768,EE
R00768,EG
R00768,EL
R00768,ES
R00768,FI
R00768,FR
R00768,GE
R00768,HR
R00768,HU
R00768,IE
R00768,IL
R00768,IT
R00768,LT
R00768,LU
R00768,LV
R00768,LY
R00768,MA
R00768,MD
R00768,ME
R00768,MK
R00768,MT
R00768,NL
R00768,NO
R00768,PL
R00768,PS
R00768,PT
R00768,RO
R00768,RS
R00768,RU
R00768,SE
R00768,SI
R00768,SK
R00768,TN
R00768,TR
R00768,UA
R00768,UK
R00770,AL
R00770,AT
R00770,BE
R00770,BG
R00770,CY
R00770,CZ
R00770,DK
R00770,DZ
R00770,EL
R00770,ES
R00770,FI
R00770,FR
R00770,GE
R00770,HR
R00770,IL
R00770,IT
R00770,LV
R00770,MD
R00770,MK
R00770,NL
R00770,NO
R00770,PT
R00770,RO
R00770,RU
R00770,SE
R00770,TR
R00770,UK
R00771,AT
R00771,BE
R00771,DK
R00771,ES
R00771,FR
R00771,LT
R00771,LU
R00771,LV
R00771,MA
R00771,NL
R00771,PL
R00771,SE
R00771,UK
R00772,EE
R00773,BE
R00773,DK
R00773,NL
R00773,UK
R00774,DZ
R00774,FR
R00774,IT
R00774,LY
R00774,NL
R00774,PL
R00774,SI
R00774,SK
R00775,AT
R00775,BE
R00775,CZ
R00775,DK
R00775,IL
R00775,IT
R00775,NL
R00775,RO
R00775,SI
R00775,UA
R00775,UK
R00776,AL
R00776,AT
R00776,BE
R00776,BY
R00776,CY
R00776,CZ
R00776,DE
R00776,DK
R00776,DZ
R00776,EG
R00776,EL
R00776,ES
R00776,FI
R00776,FR
R00776,GE
R00776,HR
R00776,HU
R00776,IL
R00776,IT
R00776,MA
R00776,MT
R00776,NL
R00776,NO
R00776,PL
R00776,PS
R00776,PT
R00776,RO
R00776,RU
R00776,SE
R00776,SI
R00776,SK
R00776,TN
R00776,TR
R00776,UK
R00777,CZ
R00778,HU
R00779,HU
R00780,BE
R00780,DE
R00780,EL
R00780,ES
R00780,SK
R00781,HU
R00783,HU
R18794,HU
R00785,CZ
R00785,HU
R00787,DZ
R00787,EL
R00787,ES
R00787,FR
R00787,GG
R00787,GI
R00787,IT
R00787,JE
R00787,NL
R00787,PT
R00787,TR
R00787,UK
R16562,IT
R16562,UK
R19294,CY
R19294,DZ
R19294,EG
R19294,EL
R19294,ES
R19294,FR
R19294,HR
R19294,IL
R19294,IT
R19294,LB
R19294,MA
R19294,MT
R19294,PT
R19294,SI
R19294,SY
R19294,TN
R19294,TR
R00790,CY
R00790,FR
R00790,IL
R00790,LB
R00790,TR
R00791,AT
R00791,BE
R00791,DE
R00791,DK
R00791,ES
R00791,FR
R00791,IE
R00791,IM
R00791,LU
R00791,NL
R00791,NO
R00791,SE
R00791,UK
R17849,PT
R00792,CH
R00792,DE
R00792,ES
R00792,IT
R00792,NL
R00792,UK
R00793,BE
R00793,DE
R00793,ES
R00793,FR
R00793,NL
R00793,PT
R00793,TR
R00793,UK
R19786,DE
R19786,FR
R19786,PT
R00796,ES
R00797,BE
R00797,DE
R00797,ES
R00797,FR
R00797,NL
R00797,UK
R00800,DE
R00800,NL
R00800,UK
R20285,BE
R20285,UK
R00803,AM
R00803,BE
R00803,BY
R00803,DK
R00803,SE
R00804,RU
R00805,CZ
R00805,FR
R00805,UK
R00806,ES
R00806,PL
R00807,PL
R00808,ES
R00808,PL
R00809,PL
R00810,PL
R00811,PL
R00812,PL
R00813,FR
R00815,FR
R00815,SE
R00815,UK
R00816,BE
R00816,NL
R17672,BE
R17672,CZ
R00818,AL
R00818,AM
R00818,AT
R00818,AZ
R00818,BA
R00818,BE
R00818,BG
R00818,BY
R00818,CH
R00818,CZ
R00818,DE
R00818,DK
R00818,DZ
R00818,EE
R00818,EL
R00818,ES
R00818,FI
R00818,FR
R00818,GE
R00818,GG
R00818,HR
R00818,HU
R00818,IE
R00818,IL
R00818,IS
R00818,IT
R00818,JE
R00818,LI
R00818,LT
R00818,LU
R00818,LV
R00818,MA
R00818,MD
R00818,ME
R00818,MK
R00818,NL
R00818,NO
R00818,PL
R00818,PT
R00818,RO
R00818,RS
R00818,RU
R00818,SE
R00818,SI
R00818,SK
R00818,TR
R00818,UA
R00818,UK
R19679,BG
R19679,IL
R19679,PS
R19679,SI
R00819,AT
R00819,BE
R00819,BY
R00819,CZ
R00819,DE
R00819,DK
R00819,EE
R00819,EL
R00819,ES
R00819,FI
R00819,FR
R00819,HR
R00819,HU
R00819,IT
R00819,LV
R00819,MD
R00819,NL
R00819,NO
R00819,PL
R00819,RO
R00819,RS
R00819,RU
R00819,SE
R00819,SI
R00819,UA
R00819,UK
R00820,ES
R00820,FR
R00820,IL
R00820,IT
R00820,RO
R00820,RS
R00820,TR
R00821,AT
R00821,BE
R00821,BY
R00821,CH
R00821,CZ
R00821,DE
R00821,DK
R00821,EE
R00821,ES
R00821,FI
R00821,FR
R00821,GE
R00821,IE
R00821,IT
R00821,LT
R00821,LU
R00821,LV
R00821,MD
R00821,NL
R00821,NO
R00821,PL
R00821,RO
R00821,RS
R00821,RU
R00821,SE
R00821,SI
R00821,SK
R00821,UA
R00821,UK
R16916,IT
R19491,DE
R19491,IT
R19075,DE
R00825,IE
R00825,UK
R00826,AL
R00826,AT
R00826,BA
R00826,BE
R00826,BG
R00826,CH
R00826,CZ
R00826,DE
R00826,DK
R00826,EL
R00826,ES
R00826,FI
R00826,FR
R00826,HR
R00826,HU
R00826,IE
R00826,IT
R00826,LT
R00826,LU
R00826,NL
R00826,NO
R00826,PL
R00826,PT
R00826,RO
R00826,RS
R00826,SE
R00826,SI
R00826,SK
R00826,UA
R00826,UK
R00827,IT
R00828,AT
R00828,BA
R00828,BE
R00828,BG
R00828,BY
R00828,CH
R00828,CZ
R00828,DE
R00828,DK
R00828,EE
R00828,EL
R00828,ES
R00828,FI
R00828,FR
R00828,HR
R00828,HU
R00828,IE
R00828,IT
R00828,LU
R00828,ME
R00828,MK
R00828,NL
R00828,NO
R00828,PL
R00828,PT
R00828,RO
R00828,RS
R00828,RU
R00828,SE
R00828,SI
R00828,SK
R00828,UA
R00828,UK
R00829,BY
R00829,CZ
R00829,DE
R00829,DK
R00829,EE
R00829,FI
R00829,LV
R00829,NL
R00829,NO
R00829,PL
R00829,RU
R00829,SE
R00830,LU
R00830,SE
R00830,SK
R00832,AM
R00832,DE
R00832,FI
R00832,NO
R00832,SE
R00833,BE
R00833,CZ
R00833,DE
R00833,DK
R00833,FI
R00833,FR
R00833,IT
R00833,LU
R00833,NL
R00833,NO
R00833,PL
R00833,RU
R00833,SE
R00833,UK
R00834,AT
R00834,BA
R00834,BE
R00834,BY
R00834,CH
R00834,CZ
R00834,DE
R00834,ES
R00834,FI
R00834,FR
R00834,HR
R00834,IT
R00834,LU
R00834,NL
R00834,NO
R00834,RS
R00834,RU
R00834,SI
R00834,TR
R00834,UA
R00834,UK
R00835,AM
R00835,AT
R00835,BE
R00835,BG
R00835,BY
R00835,CZ
R00835,DE
R00835,DK
R00835,EE
R00835,FI
R00835,FR
R00835,LT
R00835,LV
R00835,NL
R00835,NO
R00835,PL
R00835,RU
R00835,SE
R00835,UA
R00831,NO
R00831,SE
R00838,AL
R00838,IT
R00838,LB
R00839,BE
R00839,DE
R00839,DK
R00839,FI
R00839,FR
R00839,IT
R00839,LU
R00839,NL
R00839,NO
R00839,SE
R00839,UK
R00840,BE
R00840,DK
R00840,NL
R00840,RU
R00840,SE
R00840,UK
R00841,IT
R00842,AT
R00842,BE
R00842,DE
R00842,DK
R00842,FI
R00842,FR
R00842,IE
R00842,LU
R00842,NL
R00842,NO
R00842,PT
R00842,RU
R00842,SE
R00842,UK
R00843,IT
R00844,FR
R00848,BG
R00848,EL
R00848,FR
R00848,GE
R00848,IT
R18871,EL
R18871,ES
R18871,FR
R18871,IL
R18871,IT
R18871,MK
R00849,AL
R00849,BE
R00849,EL
R00849,ES
R00849,FR
R00849,IT
R00849,MA
R00849,PT
R00849,TR
R00850,ES
R00850,FR
R18872,EL
R18876,BA
R18876,GE
R18876,IT
R18876,ME
R18876,RS
R00851,AT
R00851,BE
R00851,CH
R00851,CZ
R00851,DE
R00851,DK
R00851,DZ
R00851,EE
R00851,EG
R00851,EL
R00851,ES
R00851,FI
R00851,FR
R00851,HR
R00851,IE
R00851,IL
R00851,IM
R00851,IT
R00851,LT
R00851,LU
R00851,LV
R00851,LY
R00851,MA
R00851,NL
R00851,NO
R00851,PL
R00851,PT
R00851,RU
R00851,SE
R00851,SK
R00851,SY
R00851,UK
R00852,AT
R00852,BA
R00852,BE
R00852,BY
R00852,CZ
R00852,DE
R00852,DK
R00852,EL
R00852,ES
R00852,FR
R00852,GE
R00852,HR
R00852,IL
R00852,LT
R00852,LV
R00852,MA
R00852,NL
R00852,PL
R00852,PT
R00852,RU
R00852,SE
R00852,UK
R19716,EG
R19716,IL
R19716,PS
R19716,SY
R00856,UK
R00857,BE
R00857,FR
R00857,IT
R00857,NL
R00857,NO
R00857,UK
R00858,CZ
R00858,DE
R00858,DZ
R00858,EG
R00858,ES
R00858,FR
R00858,HR
R00858,IT
R00858,MA
R00858,NO
R00859,AL
R00859,AM
R00859,AT
R00859,BA
R00859,BE
R00859,BG
R00859,BY
R00859,CH
R00859,CZ
R00859,DE
R00859,DZ
R00859,EL
R00859,ES
R00859,FR
R00859,GE
R00859,HR
R00859,HU
R00859,IT
R00859,LT
R00859,LU
R00859,LV
R00859,MD
R00859,ME
R00859,MK
R00859,NL
R00859,NO
R00859,PL
R00859,PT
R00859,RO
R00859,RS
R00859,RU
R00859,SI
R00859,SK
R00859,SM
R00859,TR
R00859,UA
R00859,UK
R00860,FI
R00860,SE
R17243,ES
R17244,ES
R17244,PT
R00861,DZ
R00861,ES
R00861,FR
R00861,IT
R00861,PT
R00861,TN
R00861,TR
R00862,BE
R00862,ES
R00863,FR
R00863,NL
R00864,AT
R00864,BE
R00864,BG
R00864,CH
R00864,CZ
R00864,DE
R00864,IT
R00864,NL
R00864,NO
R00864,RU
R19296,BE
R19296,DE
R19296,EL
R19296,ES
R19296,FR
R19296,IE
R19296,IL
R19296,NL
R19296,NO
R19296,PT
R19296,RO
R19296,SI
R19296,UA
R19296,UK
R16532,BG
R16532,EG
R16532,EL
R16532,ES
R16532,FR
R16532,GE
R16532,HR
R16532,IT
R16532,LB
R16532,ME
R16532,NL
R16532,PT
R16532,RO
R16532,SI
R16532,TN
R16532,TR
R16532,UA
R17488,AL
R17488,AZ
R17488,BE
R17488,BG
R17488,DE
R17488,DK
R17488,EE
R17488,EG
R17488,ES
R17488,FI
R17488,FR
R17488,HR
R17488,IE
R17488,IT
R17488,LB
R17488,LT
R17488,LV
R17488,NL
R17488,NO
R17488,PL
R17488,RO
R17488,RU
R17488,SE
R17488,TR
R17488,UA
R17488,UK
R17489,BE
R17489,FR
R17489,IE
R17489,IL
R00865,BE
R00865,FR
R19551,FR
R19551,PL
R16533,IT
R18899,ES
R18899,FR
R16661,EG
R17539,IL
R17539,TR
R16534,TR
R16535,EG
R16535,IL
R00867,EG
R00867,EL
R00867,FR
R00867,IL
R00867,LB
R00867,LY
R00867,MT
R00867,TR
R20269,IT
R20268,EL
R20268,FR
R20268,IT
R20268,MT
R00869,CY
R00869,EG
R00869,EL
R00869,IL
R00869,IT
R00869,LB
R00869,LY
R00869,MT
R00869,TN
R00869,TR
R00871,AT
R00871,DE
R00871,DK
R00871,NL
R00871,PL
R00871,SE
R16536,FR
R16536,IT
R19514,RO
R19514,RU
R19514,UA
R00872,UK
R17607,TR
R19302,FR
R19302,NL
R19302,PT
R00875,DK
R00876,AT
R00876,DK
R00876,ES
R00876,FR
R00876,PL
R00876,RU
R00876,SK
R00877,DK
R00878,BE
R00878,DK
R00879,BE
R00879,DK
R00879,EL
R00879,FR
R00879,IT
R00879,NL
R00879,PL
R00879,SE
R00879,UK
R00880,BE
R00880,BY
R00880,DE
R00880,DK
R00880,EE
R00880,EL
R00880,FI
R00880,FR
R00880,LT
R00880,LV
R00880,NL
R00880,NO
R00880,PL
R00880,RU
R00880,SE
R00880,UK
R00881,DK
R00881,FI
R00881,NL
R00881,NO
R00881,SE
R00883,BE
R00883,DK
R00883,NL
R00883,UK
R00884,FI
R00884,NL
R00884,UK
R20141,NO
R20141,SE
R00888,ES
R00888,FR
R00888,IT
R00888,NO
R00889,DK
R00889,ES
R00889,FR
R00891,DK
R00891,FR
R00892,DE
R18943,AL
R18943,AZ
R18943,BA
R18943,BE
R18943,BG
R18943,CH
R18943,CY
R18943,DE
R18943,EL
R18943,ES
R18943,FR
R18943,GE
R18943,GG
R18943,HR
R18943,HU
R18943,IL
R18943,IT
R18943,JE
R18943,LB
R18943,ME
R18943,MK
R18943,NL
R18943,PT
R18943,RS
R18943,RU
R18943,SI
R18943,TR
R18943,UA
R18943,UK
R00893,AD
R00893,AL
R00893,AM
R00893,AT
R00893,AZ
R00893,BA
R00893,BE
R00893,BG
R00893,CH
R00893,CY
R00893,DE
R00893,DK
R00893,DZ
R00893,EG
R00893,EL
R00893,ES
R00893,FR
R00893,GE
R00893,GI
R00893,HR
R00893,IE
R00893,IL
R00893,IT
R00893,LB
R00893,LU
R00893,MA
R00893,ME
R00893,MK
R00893,MT
R00893,NL
R00893,NO
R00893,PS
R00893,PT
R00893,RO
R00893,RU
R00893,SI
R00893,SY
R00893,TN
R00893,TR
R00893,UA
R00893,UK
R00896,AT
R00896,BE
R00896,CZ
R00896,DE
R00896,DZ
R00896,EL
R00896,ES
R00896,FI
R00896,FR
R00896,HR
R00896,IT
R00896,LY
R00896,MA
R00896,NL
R00896,PL
R00896,PT
R00896,SE
R00896,SK
R00896,TR
R00896,UA
R00896,UK
R18494,FR
R18494,NL
R18494,PL
R00898,AT
R00898,BE
R00898,DK
R00898,DZ
R00898,ES
R00898,FI
R00898,FR
R00898,GI
R00898,IL
R00898,IT
R00898,MA
R00898,MT
R00898,NL
R00898,PL
R00898,PT
R00898,UK
R00899,AT
R00899,BE
R00899,ES
R00899,FI
R00899,FR
R00899,MA
R00899,NL
R00899,PL
R00899,UK
R18218,RU
R18218,TR
R16538,AL
R16538,BG
R16538,EG
R16538,ES
R16538,GE
R16538,HR
R16538,IT
R16538,NL
R16538,NO
R16538,RO
R16538,RU
R16538,SI
R16538,TR
R16538,UA
R00902,EG
R00902,IL
R00902,LB
R00902,PS
R00902,TR
R00903,EL
R00903,ES
R00903,HR
R00903,IT
R00903,PT
R00903,RO
R00903,SI
R00903,TN
R00903,TR
R17705,FR
R17705,UK
R17692,UK
R18258,AT
R18258,BE
R18258,CY
R18258,CZ
R18258,DE
R18258,DK
R18258,EL
R18258,ES
R18258,FR
R18258,GI
R18258,HR
R18258,IL
R18258,IT
R18258,LV
R18258,MT
R18258,NL
R18258,PL
R18258,PT
R18258,SK
R18258,TR
R18258,UA
R18258,UK
R00907,BE
R00907,CY
R00907,CZ
R00907,DE
R00907,DK
R00907,ES
R00907,MA
R00907,NL
R00907,PT
R00907,TN
R16917,IL
R16917,PT
R00911,FR
R00911,IT
R00912,FR
R00912,IL
R00912,PT
R16919,PT
R18609,UK
R00913,AT
R00913,BE
R00913,CH
R00913,CZ
R00913,DE
R00913,DK
R00913,EE
R00913,FI
R00913,FR
R00913,IE
R00913,NL
R00913,NO
R00913,PL
R00913,PT
R00913,RU
R00913,SE
R00913,SK
R00913,UK
R00914,FR
R00914,IT
R00915,ES
R00917,BE
R00917,ES
R00917,NO
R00917,UK
R00920,CY
R00920,ES
R00921,BE
R00921,DE
R00921,ES
R00921,FR
R00921,PT
R00922,AT
R00922,BE
R00922,BG
R00922,CY
R00922,CZ
R00922,DE
R00922,DK
R00922,DZ
R00922,EE
R00922,EG
R00922,ES
R00922,FR
R00922,GE
R00922,HR
R00922,HU
R00922,IL
R00922,IT
R00922,LB
R00922,LT
R00922,LU
R00922,LY
R00922,MA
R00922,MD
R00922,MT
R00922,NL
R00922,PL
R00922,PT
R00922,RO
R00922,RS
R00922,RU
R00922,SE
R00922,SI
R00922,SK
R00922,SY
R00922,TN
R00922,TR
R00922,UA
R00922,UK
R19726,AL
R19726,AM
R19726,AT
R19726,AZ
R19726,BA
R19726,BE
R19726,BG
R19726,BY
R19726,CH
R19726,CY
R19726,CZ
R19726,DE
R19726,DK
R19726,DZ
R19726,EE
R19726,EG
R19726,EL
R19726,ES
R19726,FI
R19726,FO
R19726,FR
R19726,GE
R19726,GG
R19726,HR
R19726,HU
R19726,IE
R19726,IL
R19726,IM
R19726,IS
R19726,IT
R19726,JE
R19726,LB
R19726,LI
R19726,LT
R19726,LU
R19726,LV
R19726,LY
R19726,MA
R19726,MD
R19726,ME
R19726,MK
R19726,MT
R19726,NL
R19726,NO
R19726,PL
R19726,PS
R19726,PT
R19726,RO
R19726,RS
R19726,RU
R19726,SE
R19726,SI
R19726,SJ
R19726,SK
R19726,SY
R19726,TN
R19726,TR
R19726,UA
R19726,UK
R00925,BE
R00925,CZ
R00925,DE
R00925,DK
R00925,ES
R00925,FI
R00925,FO
R00925,FR
R00925,HU
R00925,IE
R00925,IM
R00925,IS
R00925,IT
R00925,MA
R00925,NL
R00925,NO
R00925,PL
R00925,PT
R00925,RU
R00925,SE
R00925,UK
R00926,AT
R00926,BE
R00926,BG
R00926,CH
R00926,CZ
R00926,DE
R00926,ES
R00926,FR
R00926,HR
R00926,HU
R00926,IE
R00926,IT
R00926,NL
R00926,NO
R00926,PL
R00926,PT
R00926,SE
R00926,SI
R00926,UK
R00927,BE
R00927,DE
R00927,ES
R00927,FR
R00927,IL
R00927,NL
R00927,NO
R00927,SE
R00927,UK
R00928,AT
R00928,BE
R00928,CZ
R00928,DE
R00928,ES
R00928,IT
R00928,NL
R00928,PL
R00928,UK
R00931,BE
R00931,DE
R00931,DK
R00931,ES
R00931,NO
R00931,PL
R00931,SE
R00931,UK
R00932,DE
R00932,DK
R00932,ES
R00932,IE
R00932,NO
R00932,SJ
R00932,UK
R00933,BE
R00933,DE
R00933,ES
R00933,IL
R00933,NL
R00933,NO
R00933,UK
R01076,BE
R01076,DE
R01076,DK
R01076,ES
R01076,IE
R01076,PL
R01076,RU
R01076,SE
R01076,UK
R00935,BE
R00935,CH
R00935,DE
R00935,ES
R00935,FR
R00935,NL
R00935,NO
R00935,PL
R00935,SE
R00935,UK
R19722,BE
R19722,DE
R19722,DK
R19722,ES
R19722,IE
R19722,NO
R19722,PL
R19722,RU
R19722,SE
R19722,SI
R19722,UK
R00937,DE
R00937,ES
R00937,NL
R00937,UK
R00939,BE
R00939,DE
R00939,SI
R00939,UK
R19767,AZ
R19767,BE
R19767,BY
R19767,DE
R19767,DK
R19767,DZ
R19767,EE
R19767,ES
R19767,IE
R19767,IL
R19767,LT
R19767,LU
R19767,LV
R19767,NL
R19767,NO
R19767,PT
R19767,RU
R19767,SE
R19767,SJ
R19767,UA
R19767,UK
R00944,AD
R00944,AL
R00944,AM
R00944,AT
R00944,AZ
R00944,BA
R00944,BE
R00944,BG
R00944,BY
R00944,CH
R00944,CY
R00944,CZ
R00944,DE
R00944,DK
R00944,DZ
R00944,EE
R00944,EG
R00944,EL
R00944,ES
R00944,FI
R00944,FO
R00944,FR
R00944,GE
R00944,GG
R00944,GI
R00944,HR
R00944,HU
R00944,IE
R00944,IL
R00944,IM
R00944,IS
R00944,IT
R00944,JE
R00944,LB
R00944,LI
R00944,LT
R00944,LU
R00944,LV
R00944,LY
R00944,MA
R00944,MC
R00944,MD
R00944,ME
R00944,MK
R00944,MT
R00944,NL
R00944,NO
R00944,PL
R00944,PS
R00944,PT
R00944,RO
R00944,RS
R00944,RU
R00944,SE
R00944,SI
R00944,SJ
R00944,SK
R00944,SM
R00944,SY
R00944,TN
R00944,TR
R00944,UA
R00944,UK
R00944,VA
R00946,BE
R00946,DE
R00946,ES
R00946,NL
R00946,PL
R00946,UK
R20286,BE
R20286,DE
R20286,UK
R19712,AM
R19712,AZ
R19712,BE
R19712,BY
R19712,CH
R19712,DE
R19712,DZ
R19712,EE
R19712,ES
R19712,IE
R19712,IL
R19712,LT
R19712,LU
R19712,LV
R19712,NL
R19712,NO
R19712,PT
R19712,RU
R19712,SE
R19712,SJ
R19712,UA
R19712,UK
R19741,BE
R19741,DE
R19741,ES
R19741,IT
R19741,NL
R19741,UK
R00953,BE
R00953,DE
R00953,UK
R00955,DZ
R00955,EG
R00955,IL
R00955,MA
R00956,HU
R00957,IT
R01057,AT
R01057,BY
R01057,CH
R01057,DK
R01057,EE
R01057,FI
R01057,FR
R01057,IT
R01057,LT
R01057,NO
R01057,PL
R01057,RU
R01057,SE
R00962,ES
R00962,FR
R00962,IT
R00962,MT
R00962,NL
R00962,PL
R00962,PT
R00962,UK
R00963,CY
R00963,FR
R00963,PT
R00963,UK
R00965,DE
R00965,NL
R00966,FR
R00966,SE
R00966,UK
R00968,AT
R00968,BE
R00968,CZ
R00968,DE
R00968,DK
R00968,FR
R00968,IS
R00968,PL
R00968,RU
R00968,SE
R00968,SK
R00968,UA
R00968,UK
R00969,AT
R00969,BE
R00969,CZ
R00969,DK
R00969,FR
R00969,GE
R00969,IL
R00969,IT
R00969,LU
R00969,MD
R00969,PT
R00969,RU
R00969,SE
R00969,UK
R00970,AM
R00970,AT
R00970,AZ
R00970,BE
R00970,BG
R00970,CY
R00970,CZ
R00970,DE
R00970,DK
R00970,DZ
R00970,EL
R00970,ES
R00970,FR
R00970,GE
R00970,HR
R00970,IL
R00970,IT
R00970,LB
R00970,MA
R00970,MT
R00970,NL
R00970,NO
R00970,PL
R00970,PS
R00970,PT
R00970,RO
R00970,RS
R00970,RU
R00970,SE
R00970,SI
R00970,SK
R00970,SY
R00970,TR
R00970,UA
R00970,UK
R00972,FR
R00972,UA
R00974,SK
R00974,TR
R00974,UA
R00975,AT
R00975,BE
R00975,DK
R00975,FR
R00975,IT
R00975,MD
R00975,NL
R00975,RO
R00975,RU
R00975,UA
R00975,UK
R00977,AL
R00977,AT
R00977,BA
R00977,BE
R00977,BG
R00977,BY
R00977,CH
R00977,CY
R00977,CZ
R00977,DE
R00977,DK
R00977,DZ
R00977,EE
R00977,EL
R00977,ES
R00977,FI
R00977,FR
R00977,HR
R00977,HU
R00977,IE
R00977,IT
R00977,LI
R00977,LT
R00977,LU
R00977,LV
R00977,MD
R00977,ME
R00977,MK
R00977,NL
R00977,NO
R00977,PL
R00977,PT
R00977,RO
R00977,RS
R00977,RU
R00977,SE
R00977,SI
R00977,SK
R00977,TR
R00977,UA
R00977,UK
R00979,EL
R00979,TR
R00979,UA
R00979,UK
R00980,BE
R00980,UA
R00981,CY
R00981,DK
R00981,EL
R00981,ES
R00981,FR
R00981,IL
R00981,IT
R00981,LB
R00981,NL
R00981,PT
R00981,SY
R00981,TR
R00981,UK
R00982,CY
R00982,EL
R00982,ES
R00982,FR
R00982,IT
R00982,LB
R00982,NL
R00982,TR
R00986,BE
R00986,EL
R00986,ES
R00986,FR
R00986,HR
R00986,IL
R00986,IT
R00986,LB
R00986,RU
R00986,TR
R00986,UA
R00987,AT
R00987,BE
R00987,IE
R00987,IT
R00987,NL
R00987,UK
R00988,AT
R00988,BE
R00988,BG
R00988,DE
R00988,DK
R00988,ES
R00988,FR
R00988,HR
R00988,HU
R00988,IT
R00988,NL
R00988,PT
R00988,RO
R00988,SK
R00988,UK
R00989,AT
R00989,BA
R00989,BE
R00989,CH
R00989,CZ
R00989,DE
R00989,DK
R00989,EL
R00989,ES
R00989,FR
R00989,GG
R00989,HR
R00989,HU
R00989,IE
R00989,IM
R00989,IT
R00989,JE
R00989,LU
R00989,NL
R00989,PL
R00989,PT
R00989,RO
R00989,RS
R00989,SE
R00989,SI
R00989,SK
R00989,TR
R00989,UA
R00989,UK
R00990,AT
R00990,BE
R00990,CZ
R00990,DE
R00990,DK
R00990,IE
R00990,IT
R00990,UK
R00991,AT
R00991,BE
R00991,CH
R00991,CZ
R00991,DE
R00991,DK
R00991,FR
R00991,GG
R00991,HR
R00991,HU
R00991,IE
R00991,IT
R00991,JE
R00991,LU
R00991,NL
R00991,PL
R00991,PT
R00991,RO
R00991,RS
R00991,SE
R00991,SI
R00991,SK
R00991,UK
R00992,AT
R00992,BE
R00992,CH
R00992,CZ
R00992,DE
R00992,DK
R00992,ES
R00992,FR
R00992,IE
R00992,LU
R00992,NL
R00992,NO
R00992,PL
R00992,PT
R00992,RU
R00992,SE
R00992,UK
R00993,EL
R00993,ES
R00993,FR
R00993,HR
R00993,IL
R00993,IT
R00993,LB
R00993,MT
R00993,SY
R00994,FR
R00994,GE
R00994,RU
R00995,AT
R00995,CZ
R00995,DE
R00995,FI
R00995,FR
R00995,HU
R00995,NO
R00995,PL
R00995,RU
R00995,SE
R00995,SK
R00995,UA
R00996,EE
R00996,FI
R00996,RU
R00996,SE
R18357,LV
R18357,RU
R00997,AM
R00997,AT
R00997,BE
R00997,BY
R00997,CH
R00997,CZ
R00997,DE
R00997,DZ
R00997,ES
R00997,FI
R00997,FR
R00997,HU
R00997,IL
R00997,LV
R00997,MD
R00997,MK
R00997,RO
R00997,RU
R00997,TR
R00997,UA
R00997,UK
R01001,CZ
R01001,UK
R01002,AT
R01002,BE
R01002,DK
R01002,ES
R01002,FI
R01002,FR
R01002,GI
R01002,IT
R01002,PT
R01002,SE
R01003,ES
R01003,PT
R01004,AT
R01004,BE
R01004,CH
R01004,DE
R01004,DK
R01004,FI
R01004,FR
R01004,HR
R01004,IE
R01004,IT
R01004,NL
R01004,NO
R01004,SE
R01004,SK
R01004,UK
R01007,AM
R01007,AT
R01007,BE
R01007,BG
R01007,CH
R01007,CZ
R01007,DE
R01007,DK
R01007,EL
R01007,FR
R01007,GE
R01007,IE
R01007,IT
R01007,LB
R01007,LU
R01007,ME
R01007,NL
R01007,NO
R01007,RO
R01007,RU
R01007,SE
R01007,TR
R01007,UA
R01007,UK
R01008,BE
R01008,DK
R01008,FI
R01008,NO
R01008,SE
R01009,AL
R01009,AT
R01009,AZ
R01009,BE
R01009,BG
R01009,CH
R01009,CY
R01009,DE
R01009,DK
R01009,DZ
R01009,EL
R01009,ES
R01009,FI
R01009,FR
R01009,HR
R01009,IE
R01009,IL
R01009,IT
R01009,LB
R01009,LU
R01009,LY
R01009,MC
R01009,MT
R01009,NL
R01009,PS
R01009,PT
R01009,RU
R01009,SI
R01009,SM
R01009,SY
R01009,TN
R01009,TR
R01009,UK
R01010,RU
R18458,AT
R18458,CH
R01011,DE
R01011,DK
R01011,NL
R01011,PT
R01011,SE
R01011,SM
R01014,AT
R01014,BA
R01014,BE
R01014,BG
R01014,BY
R01014,CH
R01014,CZ
R01014,DE
R01014,DK
R01014,EE
R01014,EL
R01014,ES
R01014,FI
R01014,FR
R01014,HR
R01014,HU
R01014,IE
R01014,IL
R01014,IM
R01014,IS
R01014,IT
R01014,LI
R01014,LT
R01014,LU
R01014,LV
R01014,ME
R01014,MK
R01014,NL
R01014,NO
R01014,PL
R01014,PT
R01014,RO
R01014,RS
R01014,RU
R01014,SE
R01014,SI
R01014,SK
R01014,UA
R01014,UK
R12662,AM
R12662,AT
R12662,BE
R12662,CH
R12662,CZ
R12662,DE
R12662,DK
R12662,ES
R12662,FI
R12662,FR
R12662,GE
R12662,HU
R12662,IT
R12662,LT
R12662,LU
R12662,LV
R12662,NL
R12662,NO
R12662,PL
R12662,RO
R12662,SE
R12662,SI
R12662,TR
R12662,UK
R01015,AL
R01015,AM
R01015,AT
R01015,BA
R01015,BE
R01015,BG
R01015,BY
R01015,CH
R01015,CZ
R01015,DE
R01015,DK
R01015,EE
R01015,ES
R01015,FI
R01015,FR
R01015,GE
R01015,HR
R01015,HU
R01015,IT
R01015,LI
R01015,LT
R01015,LU
R01015,LV
R01015,MD
R01015,MK
R01015,NL
R01015,NO
R01015,PL
R01015,RO
R01015,RS
R01015,RU
R01015,SE
R01015,SI
R01015,SK
R01015,TR
R01015,UA
R01015,UK
R18464,CZ
R18464,SK
R01016,AT
R01016,BE
R01016,BY
R01016,CH
R01016,DE
R01016,DK
R01016,EE
R01016,FI
R01016,FR
R01016,HU
R01016,LU
R01016,NL
R01016,NO
R01016,PL
R01016,RU
R01016,SE
R01016,SK
R01016,UA
R01016,UK
R01017,BE
R01017,DE
R01017,DK
R01017,SE
R18462,AT
R18462,DE
R18462,DK
R18462,FI
R18462,RO
R18462,SE
R18457,BE
R18457,IE
R01018,AL
R01018,AT
R01018,BA
R01018,BE
R01018,BG
R01018,BY
R01018,CH
R01018,CY
R01018,CZ
R01018,DE
R01018,DK
R01018,DZ
R01018,EE
R01018,EG
R01018,EL
R01018,ES
R01018,FI
R01018,FR
R01018,GE
R01018,HR
R01018,HU
R01018,IE
R01018,IL
R01018,IT
R01018,LI
R01018,LT
R01018,LU
R01018,LV
R01018,LY
R01018,MD
R01018,MK
R01018,NL
R01018,NO
R01018,PL
R01018,PT
R01018,RO
R01018,RS
R01018,RU
R01018,SE
R01018,SI
R01018,SK
R01018,SY
R01018,TR
R01018,UA
R01018,UK
R01019,DK
R01021,AT
R01021,BE
R01021,BY
R01021,CZ
R01021,DE
R01021,DK
R01021,EE
R01021,ES
R01021,FI
R01021,FO
R01021,FR
R01021,GE
R01021,HR
R01021,IE
R01021,IS
R01021,IT
R01021,LT
R01021,LU
R01021,NL
R01021,NO
R01021,PL
R01021,RU
R01021,SE
R01021,SK
R01021,UA
R01021,UK
R01022,DE
R01022,EE
R01022,FI
R01023,ES
R01023,PT
R16358,IL
R16358,LB
R20280,FR
R20085,AZ
R20085,FR
R20085,IL
R20085,RU
R20085,TR
R01026,EL
R01026,NO
R01026,UK
R01027,DE
R01027,FR
R01027,IT
R01027,MA
R01027,NO
R01027,UK
R18171,IT
R01029,AT
R01029,BE
R01029,CZ
R01029,DE
R01029,DK
R01029,EE
R01029,EG
R01029,EL
R01029,ES
R01029,FI
R01029,FR
R01029,HU
R01029,IE
R01029,IS
R01029,IT
R01029,LT
R01029,LV
R01029,NL
R01029,NO
R01029,PL
R01029,PT
R01029,RU
R01029,SE
R01029,TN
R01029,TR
R01029,UK
R01028,IT
R01030,AT
R01030,CZ
R01030,DE
R01030,DK
R01030,EE
R01030,GE
R01030,IE
R01030,NL
R01030,NO
R01030,PL
R01030,RU
R01030,SE
R01030,SK
R01030,UA
R01030,UK
R01031,AT
R01031,AZ
R01031,BG
R01031,CH
R01031,CY
R01031,DE
R01031,EG
R01031,ES
R01031,FR
R01031,HR
R01031,HU
R01031,IE
R01031,IL
R01031,IT
R01031,LT
R01031,NL
R01031,PL
R01031,RO
R01031,RS
R01031,RU
R01031,SE
R01031,SY
R01031,TR
R01031,UA
R01032,AD
R01032,AL
R01032,AM
R01032,AT
R01032,BA
R01032,BE
R01032,BG
R01032,BY
R01032,CH
R01032,CZ
R01032,DE
R01032,DK
R01032,EE
R01032,EL
R01032,ES
R01032,FI
R01032,FR
R01032,GE
R01032,GG
R01032,HR
R01032,HU
R01032,IE
R01032,IT
R01032,JE
R01032,LI
R01032,LT
R01032,LU
R01032,LV
R01032,ME
R01032,MK
R01032,NL
R01032,NO
R01032,PL
R01032,PT
R01032,RO
R01032,RS
R01032,RU
R01032,SE
R01032,SI
R01032,SK
R01032,TR
R01032,UK
R01034,HR
R16540,LB
R16540,TN
R19590,EL
R19591,PT
R19591,SE
R19562,RU
R19562,UA
R01035,AT
R01035,BE
R01035,CH
R01035,CZ
R01035,DE
R01035,DK
R01035,EE
R01035,ES
R01035,FI
R01035,FR
R01035,IE
R01035,IS
R01035,LT
R01035,LU
R01035,NL
R01035,NO
R01035,PL
R01035,RU
R01035,SE
R01035,UK
R01037,AL
R01037,BG
R01037,DE
R01037,DK
R01037,FR
R01037,HR
R01037,IT
R01037,PT
R01037,RU
R01037,UA
R01037,UK
R01038,DE
R01038,DK
R01038,EE
R01038,IE
R01038,LU
R01038,NL
R01038,NO
R01038,SE
R01038,SI
R01038,UK
R01039,FR
R01039,IT
R16921,AT
R16921,DE
R16921,FR
R16922,ES
R20142,DZ
R20142,FR
R20142,IT
R01041,DZ
R01041,EG
R01041,FR
R01042,BE
R01042,CH
R01042,DE
R01042,DK
R01042,ES
R01042,FI
R01042,FR
R01042,LU
R01042,NL
R01042,NO
R01042,RU
R01042,SE
R01042,UK
R01043,BE
R01043,BY
R01043,CZ
R01043,DK
R01043,FR
R01043,IL
R01043,IT
R01043,LT
R01043,LU
R01043,NL
R01043,NO
R01043,PL
R01043,RU
R01043,SE
R01043,UK
R01047,ES
R01048,ES
R01048,FR
R01049,ES
R01050,ES
R01050,FR
R18148,ES
R18148,FR
R18148,UK
R01051,FR
R01051,NL
R01053,AT
R01053,SE
R01053,UK
R01054,FR
R01054,NL
R01054,SE
R01054,UK
R01055,TR
R01055,UK
R01056,EG
R01056,FR
R01056,IL
R01056,IT
R01056,TR
R16541,FR
R16541,IL
R16541,LB
R16541,TR
R01059,EE
R01059,FR
R01059,RU
R01059,UK
R01060,AT
R01060,BE
R01060,CH
R01060,DE
R01060,FR
R01060,HR
R01060,IT
R01060,NL
R01060,NO
R01060,SE
R01060,TR
R01060,UK
R01061,AT
R01061,BE
R01061,CH
R01061,DE
R01061,FI
R01061,FR
R01061,HR
R01061,IT
R01061,LB
R01061,ME
R01061,NL
R01061,NO
R01061,PL
R01061,RU
R01061,SE
R01061,TR
R01061,UK
R01064,EL
R01064,ES
R01064,FR
R01064,JE
R01064,LY
R01064,NL
R01064,NO
R01064,PT
R01064,TN
R01064,UK
R01065,FR
R01066,BE
R01066,DE
R01066,DK
R01066,FI
R01066,FR
R01066,NL
R01066,NO
R01066,PT
R01066,SE
R01066,UK
R01067,PT
R01068,BE
R01068,DZ
R01068,EL
R01068,ES
R01068,FR
R01068,HR
R01068,IT
R01068,MA
R01068,ME
R01068,MT
R01068,PT
R01068,TN
R01069,AL
R01069,AT
R01069,AZ
R01069,BA
R01069,BE
R01069,BG
R01069,BY
R01069,CH
R01069,CY
R01069,CZ
R01069,DE
R01069,DK
R01069,EE
R01069,EG
R01069,EL
R01069,ES
R01069,FI
R01069,FO
R01069,FR
R01069,GE
R01069,GG
R01069,HR
R01069,HU
R01069,IE
R01069,IL
R01069,IM
R01069,IS
R01069,IT
R01069,JE
R01069,LT
R01069,LU
R01069,LV
R01069,MA
R01069,MD
R01069,ME
R01069,MK
R01069,NL
R01069,NO
R01069,PL
R01069,PT
R01069,RO
R01069,RS
R01069,RU
R01069,SE
R01069,SI
R01069,SJ
R01069,SK
R01069,TR
R01069,UA
R01069,UK
R01070,AL
R01070,AM
R01070,AT
R01070,AZ
R01070,BA
R01070,BE
R01070,BG
R01070,BY
R01070,CH
R01070,CY
R01070,CZ
R01070,DE
R01070,DK
R01070,DZ
R01070,EE
R01070,EG
R01070,EL
R01070,ES
R01070,FI
R01070,FO
R01070,FR
R01070,GE
R01070,GG
R01070,HR
R01070,HU
R01070,IE
R01070,IL
R01070,IM
R01070,IS
R01070,IT
R01070,JE
R01070,LI
R01070,LT
R01070,LU
R01070,LV
R01070,MA
R01070,MD
R01070,ME
R01070,MK
R01070,NL
R01070,NO
R01070,PL
R01070,PT
R01070,RO
R01070,RS
R01070,RU
R01070,SE
R01070,SI
R01070,SJ
R01070,SK
R01070,SY
R01070,TN
R01070,TR
R01070,UA
R01070,UK
R01072,AT
R01072,BE
R01072,BY
R01072,CH
R01072,CZ
R01072,DE
R01072,DK
R01072,EE
R01072,ES
R01072,FI
R01072,FO
R01072,FR
R01072,GG
R01072,HR
R01072,HU
R01072,IE
R01072,IM
R01072,IS
R01072,IT
R01072,JE
R01072,LT
R01072,LU
R01072,LV
R01072,NL
R01072,NO
R01072,PL
R01072,PT
R01072,RU
R01072,SE
R01072,SJ
R01072,SK
R01072,UK
R01073,AT
R01073,BE
R01073,BG
R01073,CH
R01073,CZ
R01073,DE
R01073,DK
R01073,EE
R01073,EL
R01073,ES
R01073,FO
R01073,FR
R01073,HR
R01073,HU
R01073,IE
R01073,IL
R01073,IM
R01073,IT
R01073,LU
R01073,NL
R01073,NO
R01073,PL
R01073,PT
R01073,RO
R01073,RS
R01073,RU
R01073,SE
R01073,SI
R01073,TR
R01073,UK
R01074,AM
R01074,AT
R01074,AZ
R01074,BE
R01074,BG
R01074,CH
R01074,CZ
R01074,DE
R01074,DK
R01074,EE
R01074,EG
R01074,EL
R01074,ES
R01074,FI
R01074,FR
R01074,GE
R01074,HR
R01074,HU
R01074,IE
R01074,IL
R01074,IM
R01074,IT
R01074,LT
R01074,LV
R01074,NL
R01074,NO
R01074,PL
R01074,PT
R01074,RO
R01074,RS
R01074,RU
R01074,SE
R01074,SK
R01074,TR
R01074,UA
R01074,UK
R01075,AT
R01075,BE
R01075,BG
R01075,BY
R01075,CH
R01075,CZ
R01075,DE
R01075,DK
R01075,EE
R01075,EL
R01075,ES
R01075,FI
R01075,FO
R01075,FR
R01075,HR
R01075,HU
R01075,IE
R01075,IL
R01075,IS
R01075,IT
R01075,LT
R01075,LU
R01075,LV
R01075,MD
R01075,ME
R01075,NL
R01075,NO
R01075,PL
R01075,PT
R01075,RO
R01075,RS
R01075,RU
R01075,SE
R01075,SI
R01075,SJ
R01075,UA
R01075,UK
R01077,AT
R01077,BE
R01077,BG
R01077,CH
R01077,CZ
R01077,DE
R01077,DK
R01077,EE
R01077,ES
R01077,FI
R01077,FO
R01077,FR
R01077,GG
R01077,HR
R01077,HU
R01077,IE
R01077,IS
R01077,IT
R01077,JE
R01077,LT
R01077,LU
R01077,LV
R01077,MD
R01077,NL
R01077,NO
R01077,PL
R01077,PT
R01077,RO
R01077,RS
R01077,RU
R01077,SE
R01077,SI
R01077,SJ
R01077,SK
R01077,UA
R01077,UK
R19762,UK
R01078,ES
R01078,FR
R01078,PT
